-- MySQL dump 10.13  Distrib 5.7.26, for Win64 (x86_64)
--
-- Host: localhost    Database: Venturi
-- ------------------------------------------------------
-- Server version	5.7.26

/*!40101 SET @OLD_CHARACTER_SET_CLIENT=@@CHARACTER_SET_CLIENT */;
/*!40101 SET @OLD_CHARACTER_SET_RESULTS=@@CHARACTER_SET_RESULTS */;
/*!40101 SET @OLD_COLLATION_CONNECTION=@@COLLATION_CONNECTION */;
/*!40101 SET NAMES utf8 */;
/*!40103 SET @OLD_TIME_ZONE=@@TIME_ZONE */;
/*!40103 SET TIME_ZONE='+00:00' */;
/*!40014 SET @OLD_UNIQUE_CHECKS=@@UNIQUE_CHECKS, UNIQUE_CHECKS=0 */;
/*!40014 SET @OLD_FOREIGN_KEY_CHECKS=@@FOREIGN_KEY_CHECKS, FOREIGN_KEY_CHECKS=0 */;
/*!40101 SET @OLD_SQL_MODE=@@SQL_MODE, SQL_MODE='NO_AUTO_VALUE_ON_ZERO' */;
/*!40111 SET @OLD_SQL_NOTES=@@SQL_NOTES, SQL_NOTES=0 */;

--
-- Table structure for table `event`
--

DROP TABLE IF EXISTS `event`;
/*!40101 SET @saved_cs_client     = @@character_set_client */;
/*!40101 SET character_set_client = utf8 */;
CREATE TABLE `event` (
  `Event_ID` int(11) DEFAULT NULL,
  `Event` char(10) CHARACTER SET utf8 DEFAULT NULL,
  `Season_ID` int(11) DEFAULT NULL,
  `Track_ID` int(11) DEFAULT NULL
) ENGINE=MyISAM DEFAULT CHARSET=latin1;
/*!40101 SET character_set_client = @saved_cs_client */;

--
-- Dumping data for table `event`
--

LOCK TABLES `event` WRITE;
/*!40000 ALTER TABLE `event` DISABLE KEYS */;
INSERT INTO `event` VALUES (1,'R01',1,1),(2,'R02',1,4),(3,'R03',1,2),(4,'R04',1,3),(5,'R05',1,13),(6,'R06',1,5),(7,'R07',1,6),(8,'R08',1,7),(9,'R09',1,14),(10,'R10',1,10),(11,'R11',1,15),(12,'R12',1,11),(13,'R13',1,11),(21,'R01',2,1),(22,'R02',2,1),(23,'R03',2,2),(24,'R04',2,3),(25,'R05',2,4),(26,'R06',2,6),(27,'R07',2,7),(28,'R08',2,8),(29,'R09',2,9),(30,'R10',2,10),(31,'R11',2,11),(32,'R12',2,12),(33,'R13',2,12),(34,'R14',2,12),(35,'RookieTest',2,4);
/*!40000 ALTER TABLE `event` ENABLE KEYS */;
UNLOCK TABLES;

--
-- Table structure for table `laps`
--

DROP TABLE IF EXISTS `laps`;
/*!40101 SET @saved_cs_client     = @@character_set_client */;
/*!40101 SET character_set_client = utf8 */;
CREATE TABLE `laps` (
  `Lap_ID` int(11) DEFAULT NULL,
  `Session_ID` int(11) DEFAULT NULL,
  `Driver_ID` int(11) DEFAULT NULL,
  `Stats_ID` int(11) DEFAULT NULL,
  `Radio_ID` int(11) DEFAULT NULL,
  `S1Time` double DEFAULT NULL,
  `S2Time` double DEFAULT NULL,
  `S3Time` double DEFAULT NULL,
  `Laptime` double DEFAULT NULL,
  `BestS1Time` double DEFAULT NULL,
  `BestS2Time` double DEFAULT NULL,
  `BestS3Time` double DEFAULT NULL,
  `BestLaptime` double DEFAULT NULL,
  `GapPrev` double DEFAULT NULL,
  `GapNext` double DEFAULT NULL,
  `GapFirst` double DEFAULT NULL,
  `GPS_ID` int(11) DEFAULT NULL,
  `Flag_ID` int(11) DEFAULT NULL,
  `SOC_TV` double DEFAULT NULL,
  `LapNumber` int(11) DEFAULT NULL,
  `Laptime_T` varchar(16) CHARACTER SET utf8 DEFAULT NULL,
  `S1_T` varchar(16) CHARACTER SET utf8 DEFAULT NULL,
  `S2_T` varchar(16) CHARACTER SET utf8 DEFAULT NULL,
  `S3_T` varchar(16) CHARACTER SET utf8 DEFAULT NULL,
  `Team_ID` int(11) DEFAULT NULL,
  `Elapsed` varchar(16) CHARACTER SET utf8 DEFAULT NULL,
  `Speed_Avg` double DEFAULT NULL,
  `Crossing_Line` char(10) CHARACTER SET utf8 DEFAULT NULL,
  `TopSpeed` double DEFAULT NULL,
  `Power` double DEFAULT NULL,
  `Pit_Time` varchar(16) CHARACTER SET utf8 DEFAULT NULL,
  `Run_ID` int(11) DEFAULT NULL,
  `SOC` double DEFAULT NULL,
  `ELap` double DEFAULT NULL,
  `ERemaining` double DEFAULT NULL
) ENGINE=MyISAM DEFAULT CHARSET=latin1;
/*!40101 SET character_set_client = @saved_cs_client */;

--
-- Dumping data for table `laps`
--

LOCK TABLES `laps` WRITE;
/*!40000 ALTER TABLE `laps` DISABLE KEYS */;
INSERT INTO `laps` VALUES (1,2,7,NULL,NULL,35.02,35.523,48.761,119.304,35.02,35.523,48.761,119.304,0,0,0,1,2,0,1,'00:01:59.0000000','00:00:35.0000000','00:00:36.0000000','00:00:49.0000000',1,'00:01:59.0000000',18,'',0,200,'00:00:08.0000000',1,NULL,NULL,NULL),(2,2,7,NULL,NULL,30.257,26.359,45.862,102.478,30.257,26.359,45.862,102.478,0,0,0,2,2,0,2,'00:01:42.0000000','00:00:30.0000000','00:00:26.0000000','00:00:46.0000000',1,'00:03:42.0000000',87.6,'',0,200,'00:00:00.0000000',1,NULL,NULL,NULL),(3,2,7,NULL,NULL,42.668,25.407,33.376,101.451,30.257,25.407,33.376,101.451,0,0,0,3,2,0,3,'00:01:41.0000000','00:00:43.0000000','00:00:25.0000000','00:00:33.0000000',1,'00:05:23.0000000',88.5,'',0,200,'00:00:00.0000000',1,NULL,NULL,NULL),(4,2,7,NULL,NULL,28.859,24.624,32.954,86.437,28.859,24.624,32.954,86.437,0,0,0,4,2,0,4,'00:01:26.0000000','00:00:29.0000000','00:00:25.0000000','00:00:33.0000000',1,'00:06:50.0000000',103.9,'',0,200,'00:00:00.0000000',1,NULL,NULL,NULL),(5,2,7,NULL,NULL,28.71,37.131,75.252,141.093,28.71,37.131,75.252,141.093,0,0,0,5,2,0,5,'00:02:21.0000000','00:00:29.0000000','00:00:37.0000000','00:01:15.0000000',1,'00:09:11.0000000',63.6,'B',0,200,'00:00:00.0000000',1,NULL,NULL,NULL),(6,2,7,NULL,NULL,520.453,28.234,39.224,587.911,28.71,28.234,39.224,587.911,0,0,0,6,2,0,6,'00:09:48.0000000','00:08:40.0000000','00:00:28.0000000','00:00:39.0000000',1,'00:18:59.0000000',15.3,'',0,200,'00:08:26.0000000',2,NULL,NULL,NULL),(7,2,7,NULL,NULL,28.264,25.01,37.278,90.552,28.264,25.01,37.278,90.552,0,0,0,7,2,0,7,'00:01:31.0000000','00:00:28.0000000','00:00:25.0000000','00:00:37.0000000',1,'00:20:29.0000000',99.2,'',0,200,'00:00:00.0000000',2,NULL,NULL,NULL),(8,2,7,NULL,NULL,30.028,24.025,32.316,86.369,28.264,24.025,32.316,86.369,0,0,0,8,2,0,8,'00:01:26.0000000','00:00:30.0000000','00:00:24.0000000','00:00:32.0000000',1,'00:21:56.0000000',104,'',0,200,'00:00:00.0000000',2,NULL,NULL,NULL),(9,2,7,NULL,NULL,27.527,23.915,32.239,83.681,27.527,23.915,32.239,83.681,0,0,0,9,2,0,9,'00:01:24.0000000','00:00:28.0000000','00:00:24.0000000','00:00:32.0000000',1,'00:23:19.0000000',107.3,'',0,200,'00:00:00.0000000',2,NULL,NULL,NULL),(10,2,7,NULL,NULL,27.879,24.345,34.346,86.57,27.527,24.345,34.346,86.57,0,0,0,10,2,0,10,'00:01:27.0000000','00:00:28.0000000','00:00:24.0000000','00:00:34.0000000',1,'00:24:46.0000000',103.7,'',0,200,'00:00:00.0000000',2,NULL,NULL,NULL),(11,2,7,NULL,NULL,26.96,23.266,32.055,82.281,26.96,23.266,32.055,82.281,0,0,0,11,2,0,11,'00:01:22.0000000','00:00:27.0000000','00:00:23.0000000','00:00:32.0000000',1,'00:26:08.0000000',109.1,'',0,200,'00:00:00.0000000',2,NULL,NULL,NULL),(12,2,7,NULL,NULL,26.821,23.48,45.2,95.501,26.821,23.48,45.2,95.501,0,0,0,12,2,0,12,'00:01:36.0000000','00:00:27.0000000','00:00:23.0000000','00:00:45.0000000',1,'00:27:44.0000000',94,'B',0,200,'00:00:00.0000000',2,NULL,NULL,NULL),(13,2,7,NULL,NULL,614.223,24.484,37.799,676.506,26.821,24.484,37.799,676.506,0,0,0,13,2,0,13,'00:11:17.0000000','00:10:14.0000000','00:00:24.0000000','00:00:38.0000000',1,'00:39:00.0000000',13.3,'',0,235,'00:10:02.0000000',3,NULL,NULL,NULL),(14,2,7,NULL,NULL,26.502,22.814,31.192,80.508,26.502,22.814,31.192,80.508,0,0,0,14,2,0,14,'00:01:21.0000000','00:00:27.0000000','00:00:23.0000000','00:00:31.0000000',1,'00:40:21.0000000',111.5,'',0,235,'00:00:00.0000000',3,NULL,NULL,NULL),(15,2,7,NULL,NULL,28.869,24.172,37.048,90.089,26.502,24.172,37.048,90.089,0,0,0,15,2,0,15,'00:01:30.0000000','00:00:29.0000000','00:00:24.0000000','00:00:37.0000000',1,'00:41:51.0000000',99.7,'',0,200,'00:00:00.0000000',3,NULL,NULL,NULL),(16,2,7,NULL,NULL,27.763,24.1,39.509,91.372,26.502,24.1,39.509,91.372,0,0,0,16,2,0,16,'00:01:31.0000000','00:00:28.0000000','00:00:24.0000000','00:00:40.0000000',1,'00:43:22.0000000',98.3,'',0,200,'00:00:00.0000000',3,NULL,NULL,NULL),(17,2,7,NULL,NULL,25.662,22.172,30.607,78.441,25.662,22.172,30.607,78.441,0,0,0,17,2,0,17,'00:01:18.0000000','00:00:26.0000000','00:00:22.0000000','00:00:31.0000000',1,'00:44:41.0000000',114.5,'',0,250,'00:00:00.0000000',3,NULL,NULL,NULL),(18,2,7,NULL,NULL,27.956,22.958,34.857,85.771,25.662,22.958,34.857,85.771,0,0,0,18,2,0,18,'00:01:26.0000000','00:00:28.0000000','00:00:23.0000000','00:00:35.0000000',1,'00:46:06.0000000',104.7,'',0,250,'00:00:00.0000000',3,NULL,NULL,NULL),(19,2,8,NULL,NULL,35.445,34.375,45.036,114.856,35.445,34.375,45.036,114.856,0,0,0,19,2,0,1,'00:01:55.0000000','00:00:35.0000000','00:00:34.0000000','00:00:45.0000000',2,'00:01:55.0000000',18.6,'',0,200,'00:00:10.0000000',4,NULL,NULL,NULL),(20,2,8,NULL,NULL,28.729,24.601,40.323,93.653,28.729,24.601,40.323,93.653,0,0,0,20,2,0,2,'00:01:34.0000000','00:00:29.0000000','00:00:25.0000000','00:00:40.0000000',2,'00:03:29.0000000',95.9,'',0,200,'00:00:00.0000000',4,NULL,NULL,NULL),(21,2,8,NULL,NULL,47.285,24.22,33.264,104.769,28.729,24.22,33.264,104.769,0,0,0,21,2,0,3,'00:01:45.0000000','00:00:47.0000000','00:00:24.0000000','00:00:33.0000000',2,'00:05:13.0000000',85.7,'',0,200,'00:00:00.0000000',4,NULL,NULL,NULL),(22,2,8,NULL,NULL,27.964,23.76,34.505,86.229,27.964,23.76,34.505,86.229,0,0,0,22,2,0,4,'00:01:26.0000000','00:00:28.0000000','00:00:24.0000000','00:00:35.0000000',2,'00:06:40.0000000',104.1,'',0,200,'00:00:00.0000000',4,NULL,NULL,NULL),(23,2,8,NULL,NULL,28.021,23.524,75.49,127.035,27.964,23.524,75.49,127.035,0,0,0,23,2,0,5,'00:02:07.0000000','00:00:28.0000000','00:00:24.0000000','00:01:15.0000000',2,'00:08:47.0000000',70.7,'B',0,200,'00:00:00.0000000',4,NULL,NULL,NULL),(24,2,8,NULL,NULL,507.72,25.217,33.171,566.108,27.964,25.217,33.171,566.108,0,0,0,24,2,0,6,'00:09:26.0000000','00:08:28.0000000','00:00:25.0000000','00:00:33.0000000',2,'00:18:13.0000000',15.9,'',0,200,'00:08:15.0000000',5,NULL,NULL,NULL),(25,2,8,NULL,NULL,27.74,23.117,33.695,84.552,27.74,23.117,33.695,84.552,0,0,0,25,2,0,7,'00:01:25.0000000','00:00:28.0000000','00:00:23.0000000','00:00:34.0000000',2,'00:19:37.0000000',106.2,'',0,200,'00:00:00.0000000',5,NULL,NULL,NULL),(26,2,8,NULL,NULL,27.669,23.704,32.731,84.104,27.669,23.704,32.731,84.104,0,0,0,26,2,0,8,'00:01:24.0000000','00:00:28.0000000','00:00:24.0000000','00:00:33.0000000',2,'00:21:01.0000000',106.8,'',0,200,'00:00:00.0000000',5,NULL,NULL,NULL),(27,2,8,NULL,NULL,27.013,23.748,32.406,83.167,27.013,23.748,32.406,83.167,0,0,0,27,2,0,9,'00:01:23.0000000','00:00:27.0000000','00:00:24.0000000','00:00:32.0000000',2,'00:22:24.0000000',108,'',0,200,'00:00:00.0000000',5,NULL,NULL,NULL),(28,2,8,NULL,NULL,26.761,23.073,32.267,82.101,26.761,23.073,32.267,82.101,0,0,0,28,2,0,10,'00:01:22.0000000','00:00:27.0000000','00:00:23.0000000','00:00:32.0000000',2,'00:23:47.0000000',109.4,'',0,200,'00:00:00.0000000',5,NULL,NULL,NULL),(29,2,8,NULL,NULL,27.268,24.309,33.25,84.827,26.761,24.309,33.25,84.827,0,0,0,29,2,0,11,'00:01:25.0000000','00:00:27.0000000','00:00:24.0000000','00:00:33.0000000',2,'00:25:11.0000000',105.8,'',0,250,'00:00:00.0000000',5,NULL,NULL,NULL),(30,2,8,NULL,NULL,26.85,22.935,32.249,82.034,26.761,22.935,32.249,82.034,0,0,0,30,2,0,12,'00:01:22.0000000','00:00:27.0000000','00:00:23.0000000','00:00:32.0000000',2,'00:26:33.0000000',109.4,'',0,200,'00:00:00.0000000',5,NULL,NULL,NULL),(31,2,8,NULL,NULL,26.506,22.81,31.889,81.205,26.506,22.81,31.889,81.205,0,0,0,31,2,0,13,'00:01:21.0000000','00:00:27.0000000','00:00:23.0000000','00:00:32.0000000',2,'00:27:55.0000000',110.6,'',0,200,'00:00:00.0000000',5,NULL,NULL,NULL),(32,2,8,NULL,NULL,30.095,25.736,35.03,90.861,26.506,25.736,35.03,90.861,0,0,0,32,2,0,14,'00:01:31.0000000','00:00:30.0000000','00:00:26.0000000','00:00:35.0000000',2,'00:29:26.0000000',98.8,'',0,200,'00:00:00.0000000',5,NULL,NULL,NULL),(33,2,8,NULL,NULL,26.575,22.441,31.367,80.383,26.506,22.441,31.367,80.383,0,0,0,33,2,0,15,'00:01:20.0000000','00:00:27.0000000','00:00:22.0000000','00:00:31.0000000',2,'00:30:46.0000000',111.7,'',0,200,'00:00:00.0000000',5,NULL,NULL,NULL),(34,2,8,NULL,NULL,26.063,22.248,31.326,79.637,26.063,22.248,31.326,79.637,0,0,0,34,2,0,16,'00:01:20.0000000','00:00:26.0000000','00:00:22.0000000','00:00:31.0000000',2,'00:32:06.0000000',112.7,'',0,200,'00:00:00.0000000',5,NULL,NULL,NULL),(35,2,8,NULL,NULL,51.422,48.511,74.33,174.263,26.063,48.511,74.33,174.263,0,0,0,35,2,0,17,'00:02:54.0000000','00:00:51.0000000','00:00:49.0000000','00:01:14.0000000',2,'00:35:00.0000000',51.5,'B',0,200,'00:00:00.0000000',5,NULL,NULL,NULL),(36,2,8,NULL,NULL,232.81,26.125,40.126,299.061,26.063,26.125,40.126,299.061,0,0,0,36,2,0,18,'00:04:59.0000000','00:03:53.0000000','00:00:26.0000000','00:00:40.0000000',2,'00:39:59.0000000',30,'',0,200,'00:03:39.0000000',6,NULL,NULL,NULL),(37,2,8,NULL,NULL,26.484,22.269,33.983,82.736,26.063,22.269,33.983,82.736,0,0,0,37,2,0,19,'00:01:23.0000000','00:00:26.0000000','00:00:22.0000000','00:00:34.0000000',2,'00:41:22.0000000',108.5,'',0,200,'00:00:00.0000000',6,NULL,NULL,NULL),(38,2,8,NULL,NULL,26.265,28.366,39.327,93.958,26.063,28.366,39.327,93.958,0,0,0,38,2,0,20,'00:01:34.0000000','00:00:26.0000000','00:00:28.0000000','00:00:39.0000000',2,'00:42:56.0000000',95.6,'',0,235,'00:00:00.0000000',6,NULL,NULL,NULL),(39,2,8,NULL,NULL,25.594,21.674,31.069,78.337,25.594,21.674,31.069,78.337,0,0,0,39,2,0,21,'00:01:18.0000000','00:00:26.0000000','00:00:22.0000000','00:00:31.0000000',2,'00:44:14.0000000',114.6,'',0,250,'00:00:00.0000000',6,NULL,NULL,NULL),(40,2,8,NULL,NULL,25.113,22.008,30.875,77.996,25.113,22.008,30.875,77.996,0,0,0,40,2,0,22,'00:01:18.0000000','00:00:25.0000000','00:00:22.0000000','00:00:31.0000000',2,'00:45:32.0000000',115.1,'',0,250,'00:00:00.0000000',6,NULL,NULL,NULL),(41,2,9,NULL,NULL,86.248,29.505,40.963,156.716,86.248,29.505,40.963,156.716,0,0,0,41,2,0,1,'00:02:37.0000000','00:01:26.0000000','00:00:30.0000000','00:00:41.0000000',3,'00:02:37.0000000',13.7,'',0,200,'00:00:57.0000000',7,NULL,NULL,NULL),(42,2,9,NULL,NULL,31.054,43.836,51.251,126.141,31.054,43.836,51.251,126.141,0,0,0,42,2,0,2,'00:02:06.0000000','00:00:31.0000000','00:00:44.0000000','00:00:51.0000000',3,'00:04:43.0000000',71.2,'',0,200,'00:00:00.0000000',7,NULL,NULL,NULL),(43,2,9,266,NULL,29.46,27.094,33.874,90.428,29.46,27.094,33.874,90.428,0,0,0,43,2,0,3,'00:01:30.0000000','00:00:29.0000000','00:00:27.0000000','00:00:34.0000000',3,'00:06:13.0000000',99.3,'',0,200,'00:00:00.0000000',7,NULL,NULL,NULL),(44,2,9,NULL,NULL,28.353,25.189,53.204,106.746,28.353,25.189,53.204,106.746,0,0,0,44,2,0,4,'00:01:47.0000000','00:00:28.0000000','00:00:25.0000000','00:00:53.0000000',3,'00:08:00.0000000',84.1,'B',0,200,'00:00:00.0000000',7,NULL,NULL,NULL),(45,2,9,NULL,NULL,611.714,26.713,38.018,676.445,28.353,26.713,38.018,676.445,0,0,0,45,2,0,5,'00:11:16.0000000','00:10:12.0000000','00:00:27.0000000','00:00:38.0000000',3,'00:19:16.0000000',13.3,'',0,200,'00:09:57.0000000',8,NULL,NULL,NULL),(46,2,9,270,NULL,27.924,24.123,33.37,85.417,27.924,24.123,33.37,85.417,0,0,0,46,2,0,6,'00:01:25.0000000','00:00:28.0000000','00:00:24.0000000','00:00:33.0000000',3,'00:20:42.0000000',105.1,'',0,200,'00:00:00.0000000',8,NULL,NULL,NULL),(47,2,9,271,NULL,28.076,24.052,32.8,84.928,27.924,24.052,32.8,84.928,0,0,0,47,2,0,7,'00:01:25.0000000','00:00:28.0000000','00:00:24.0000000','00:00:33.0000000',3,'00:22:07.0000000',105.7,'',0,200,'00:00:00.0000000',8,NULL,NULL,NULL),(48,2,9,272,NULL,27.261,23.636,32.43,83.327,27.261,23.636,32.43,83.327,0,0,0,48,2,0,8,'00:01:23.0000000','00:00:27.0000000','00:00:24.0000000','00:00:32.0000000',3,'00:23:30.0000000',107.7,'',0,200,'00:00:00.0000000',8,NULL,NULL,NULL),(49,2,9,273,NULL,27.958,24.145,32.771,84.874,27.261,24.145,32.771,84.874,0,0,0,49,2,0,9,'00:01:25.0000000','00:00:28.0000000','00:00:24.0000000','00:00:33.0000000',3,'00:24:55.0000000',105.8,'',0,200,'00:00:00.0000000',8,NULL,NULL,NULL),(50,2,9,274,NULL,27.016,23.149,32.253,82.418,27.016,23.149,32.253,82.418,0,0,0,50,2,0,10,'00:01:22.0000000','00:00:27.0000000','00:00:23.0000000','00:00:32.0000000',3,'00:26:17.0000000',108.9,'',0,200,'00:00:00.0000000',8,NULL,NULL,NULL);
/*!40000 ALTER TABLE `laps` ENABLE KEYS */;
UNLOCK TABLES;

--
-- Table structure for table `predictions`
--

DROP TABLE IF EXISTS `predictions`;
/*!40101 SET @saved_cs_client     = @@character_set_client */;
/*!40101 SET character_set_client = utf8 */;
CREATE TABLE `predictions` (
  `Prediction_ID` int(11) DEFAULT NULL,
  `Driver_ID` int(11) DEFAULT NULL,
  `Soc_Prediction` double DEFAULT NULL,
  `Pace_Prediction` double DEFAULT NULL,
  `TotalStintTime` double DEFAULT NULL,
  `Gap_Prediction` double DEFAULT NULL,
  `Position_Prediction` int(11) DEFAULT NULL,
  `LapNumber_Prediction` int(11) DEFAULT NULL
) ENGINE=MyISAM DEFAULT CHARSET=latin1;
/*!40101 SET character_set_client = @saved_cs_client */;

--
-- Dumping data for table `predictions`
--

LOCK TABLES `predictions` WRITE;
/*!40000 ALTER TABLE `predictions` DISABLE KEYS */;
INSERT INTO `predictions` VALUES (1,1,80,72,2323,5,2,1);
/*!40000 ALTER TABLE `predictions` ENABLE KEYS */;
UNLOCK TABLES;

--
-- Table structure for table `radio`
--

DROP TABLE IF EXISTS `radio`;
/*!40101 SET @saved_cs_client     = @@character_set_client */;
/*!40101 SET character_set_client = utf8 */;
CREATE TABLE `radio` (
  `Radio_ID` int(11) DEFAULT NULL,
  `Sentences` longtext,
  `Traduction` longtext,
  `Driver_ID` int(11) DEFAULT NULL
) ENGINE=MyISAM DEFAULT CHARSET=latin1;
/*!40101 SET character_set_client = @saved_cs_client */;

--
-- Dumping data for table `radio`
--

LOCK TABLES `radio` WRITE;
/*!40000 ALTER TABLE `radio` DISABLE KEYS */;
/*!40000 ALTER TABLE `radio` ENABLE KEYS */;
UNLOCK TABLES;

--
-- Table structure for table `run`
--

DROP TABLE IF EXISTS `run`;
/*!40101 SET @saved_cs_client     = @@character_set_client */;
/*!40101 SET character_set_client = utf8 */;
CREATE TABLE `run` (
  `Run_ID` int(11) DEFAULT NULL,
  `Setup_ID` int(11) DEFAULT NULL
) ENGINE=MyISAM DEFAULT CHARSET=latin1;
/*!40101 SET character_set_client = @saved_cs_client */;

--
-- Dumping data for table `run`
--

LOCK TABLES `run` WRITE;
/*!40000 ALTER TABLE `run` DISABLE KEYS */;
INSERT INTO `run` VALUES (1,NULL),(2,NULL),(3,NULL),(4,NULL),(5,NULL),(6,NULL),(7,32),(8,33),(9,33),(10,34),(11,NULL),(12,NULL),(13,NULL),(14,15),(15,16),(16,17),(17,NULL),(18,NULL),(19,NULL),(20,NULL),(21,NULL),(22,NULL),(23,NULL),(24,NULL),(25,NULL),(26,NULL),(27,NULL),(28,NULL),(29,NULL),(30,NULL),(31,NULL),(32,NULL),(33,NULL),(34,NULL),(35,NULL),(36,NULL),(37,NULL),(38,NULL),(39,NULL),(40,NULL),(41,NULL),(42,NULL),(43,NULL),(44,NULL),(45,NULL),(46,NULL),(47,NULL),(48,3),(49,4),(50,4);
/*!40000 ALTER TABLE `run` ENABLE KEYS */;
UNLOCK TABLES;

--
-- Table structure for table `season`
--

DROP TABLE IF EXISTS `season`;
/*!40101 SET @saved_cs_client     = @@character_set_client */;
/*!40101 SET character_set_client = utf8 */;
CREATE TABLE `season` (
  `Season_ID` int(11) DEFAULT NULL,
  `Season` char(10) CHARACTER SET utf8 DEFAULT NULL
) ENGINE=MyISAM DEFAULT CHARSET=latin1;
/*!40101 SET character_set_client = @saved_cs_client */;

--
-- Dumping data for table `season`
--

LOCK TABLES `season` WRITE;
/*!40000 ALTER TABLE `season` DISABLE KEYS */;
INSERT INTO `season` VALUES (1,'S05'),(2,'S06');
/*!40000 ALTER TABLE `season` ENABLE KEYS */;
UNLOCK TABLES;

--
-- Table structure for table `session`
--

DROP TABLE IF EXISTS `session`;
/*!40101 SET @saved_cs_client     = @@character_set_client */;
/*!40101 SET character_set_client = utf8 */;
CREATE TABLE `session` (
  `Session_ID` int(11) DEFAULT NULL,
  `SessionLabel_ID` int(11) DEFAULT NULL,
  `Event_ID` int(11) DEFAULT NULL
) ENGINE=MyISAM DEFAULT CHARSET=latin1;
/*!40101 SET character_set_client = @saved_cs_client */;

--
-- Dumping data for table `session`
--

LOCK TABLES `session` WRITE;
/*!40000 ALTER TABLE `session` DISABLE KEYS */;
INSERT INTO `session` VALUES (1,1,21),(2,2,21),(3,3,21),(4,9,21),(5,10,21),(6,11,21),(7,12,21),(8,5,21),(9,6,21),(10,4,22),(11,9,22),(12,10,22),(13,11,22),(14,12,22),(15,5,22),(16,6,22),(17,2,23),(18,3,23),(19,9,23),(20,10,23),(21,11,23),(22,12,23),(23,5,23),(24,6,23),(25,2,24),(26,3,24),(27,9,24),(28,10,24),(29,11,24),(30,12,24),(31,5,24),(32,6,24),(33,2,25),(34,3,25),(35,9,25),(36,10,25),(37,11,25),(38,12,25),(39,5,25),(40,6,25),(41,13,25),(42,14,25);
/*!40000 ALTER TABLE `session` ENABLE KEYS */;
UNLOCK TABLES;

--
-- Table structure for table `sessionlabel`
--

DROP TABLE IF EXISTS `sessionlabel`;
/*!40101 SET @saved_cs_client     = @@character_set_client */;
/*!40101 SET character_set_client = utf8 */;
CREATE TABLE `sessionlabel` (
  `Session_ID` int(11) DEFAULT NULL,
  `Name` longtext,
  `Type` longtext
) ENGINE=MyISAM DEFAULT CHARSET=latin1;
/*!40101 SET character_set_client = @saved_cs_client */;

--
-- Dumping data for table `sessionlabel`
--

LOCK TABLES `sessionlabel` WRITE;
/*!40000 ALTER TABLE `sessionlabel` DISABLE KEYS */;
INSERT INTO `sessionlabel` VALUES (1,'FP0','FP'),(2,'FP1','FP'),(3,'FP2','FP'),(4,'FP3','FP'),(5,'SP','Q'),(6,'R','R'),(7,'AM','T'),(8,'PM','T'),(9,'Q1','Q'),(10,'Q2','Q'),(11,'Q3','Q'),(12,'Q4','Q'),(13,'RookieTest1','T'),(14,'RookieTest2','T');
/*!40000 ALTER TABLE `sessionlabel` ENABLE KEYS */;
UNLOCK TABLES;

--
-- Table structure for table `setups`
--

DROP TABLE IF EXISTS `setups`;
/*!40101 SET @saved_cs_client     = @@character_set_client */;
/*!40101 SET character_set_client = utf8 */;
CREATE TABLE `setups` (
  `Setup_ID` int(11) DEFAULT NULL,
  `Run_ID` int(11) DEFAULT NULL,
  `SetupName` longtext,
  `Air_Temperature` double DEFAULT NULL,
  `AirDensity` double DEFAULT NULL,
  `Air_Pressure` double DEFAULT NULL,
  `AB` double DEFAULT NULL,
  `MB` double DEFAULT NULL,
  `CarB` double DEFAULT NULL,
  `EOS_RH_Keel` double DEFAULT NULL,
  `Speed` double DEFAULT NULL,
  `RefSpeed` double DEFAULT NULL,
  `KEEL` double DEFAULT NULL,
  `Ballast_Weight` double DEFAULT NULL,
  `Car_Weight` double DEFAULT NULL,
  `Total_Weight` double DEFAULT NULL,
  `Car_Weight_Repart` double DEFAULT NULL,
  `Weight_Repart` double DEFAULT NULL,
  `WFL_WB` double DEFAULT NULL,
  `Weight_FL` double DEFAULT NULL,
  `WFR_WB` double DEFAULT NULL,
  `Weight_FR` double DEFAULT NULL,
  `WRL_WB` double DEFAULT NULL,
  `Weight_RL` double DEFAULT NULL,
  `WRR_WB` double DEFAULT NULL,
  `Weight_RR` double DEFAULT NULL,
  `Driver_Weight` double DEFAULT NULL,
  `ChassisNum` double DEFAULT NULL,
  `FW` longtext,
  `FRH` double DEFAULT NULL,
  `RRH` double DEFAULT NULL,
  `ARB_Stiffness_F` double DEFAULT NULL,
  `DroopF` double DEFAULT NULL,
  `Spring_Stiffness_FA` double DEFAULT NULL,
  `Static_Gap_F` double DEFAULT NULL,
  `SuspFrontCaster` double DEFAULT NULL,
  `StiffnessFront` double DEFAULT NULL,
  `Table_KIN_R` longtext,
  `ARB_Stiffness_R` double DEFAULT NULL,
  `DroopR` double DEFAULT NULL,
  `Spring_Stiffness_RA` double DEFAULT NULL,
  `Spring_Preload_R` double DEFAULT NULL,
  `Static_Gap_R` double DEFAULT NULL,
  `StiffnessRear` double DEFAULT NULL,
  `Diff_Ramp` longtext,
  `Diff_Preload` double DEFAULT NULL,
  `Diff_Preload_Press` double DEFAULT NULL,
  `Spring_Stiffness_RA_Preload` double DEFAULT NULL,
  `Droop_Eq` double DEFAULT NULL,
  `Droop_Av` double DEFAULT NULL,
  `Preload_to_ref` double DEFAULT NULL,
  `Preload_to_ref_conv` double DEFAULT NULL,
  `Tyre_P_FL` double DEFAULT NULL,
  `Tyre_P_FR` double DEFAULT NULL,
  `Tyre_P_RL` double DEFAULT NULL,
  `Tyre_P_RR` double DEFAULT NULL,
  `Toe_FL` double DEFAULT NULL,
  `Toe_FR` double DEFAULT NULL,
  `Toe_RL` double DEFAULT NULL,
  `Toe_RR` double DEFAULT NULL,
  `Camber_FL` double DEFAULT NULL,
  `Camber_FR` double DEFAULT NULL,
  `Camber_RL` double DEFAULT NULL,
  `Camber_RR` double DEFAULT NULL,
  `F_Bump_LS_S1` double DEFAULT NULL,
  `F_Bump_HS_S1` double DEFAULT NULL,
  `F_Rebound_LS_S1` double DEFAULT NULL,
  `F_Rebound_HS_S1` double DEFAULT NULL,
  `F_Drop_Off_S1` double DEFAULT NULL,
  `F_Bump_LS_S2` double DEFAULT NULL,
  `F_Bump_HS_S2` double DEFAULT NULL,
  `F_Rebound_LS_S2` double DEFAULT NULL,
  `F_Rebound_HS_S2` double DEFAULT NULL,
  `F_Drop_Off_S2` double DEFAULT NULL,
  `R_Bump_LS_S1` double DEFAULT NULL,
  `R_Bump_HS_S1` double DEFAULT NULL,
  `R_Rebound_LS_S1` double DEFAULT NULL,
  `R_Rebound_HS_S1` double DEFAULT NULL,
  `R_Drop_Off_S1` double DEFAULT NULL,
  `R_Bump_LS_S2` double DEFAULT NULL,
  `R_Bump_HS_S2` double DEFAULT NULL,
  `R_Rebound_LS_S2` double DEFAULT NULL,
  `R_Rebound_HS_S2` double DEFAULT NULL,
  `R_Drop_Off_S2` double DEFAULT NULL,
  `NameFrontSetup1` longtext,
  `NameFrontSetup2` longtext,
  `NameRearSetup1` longtext,
  `NameRearSetup2` longtext
) ENGINE=MyISAM DEFAULT CHARSET=latin1;
/*!40101 SET character_set_client = @saved_cs_client */;

--
-- Dumping data for table `setups`
--

LOCK TABLES `setups` WRITE;
/*!40000 ALTER TABLE `setups` DISABLE KEYS */;
INSERT INTO `setups` VALUES (1,NULL,'S06R01_DRH_MAS_RACE_Run1',23,1.2,1040,36.29,56.33,0.62,-1.44,250,120,2,2,824,900,40,40.84,164.8,183.8,164.8,183.8,247.2,266.2,247.2,266.2,76,48,'15_15',10,30,163.2,11,172,22,8,116.01,'A2B1_C2D1',19,25,52.6,0,43,130.23,'45/75',25,5.26,96.32,24.74,45.3,30.64,40.85,1.6,1.6,1.6,1.6,-2,-2,2,0,-2.8,-2.6,-3.35,-3.15,27,7,20,7,43,28,8,20,7,39,8,3,8,3,32,8,3,8,3,26,NULL,NULL,NULL,NULL),(2,NULL,'S06R01_DRH_MAS_RACE_Run2',23,1.2,1040,35,56.33,0.62,-1.44,250,120,2,2,824,900,40,40.84,164.8,183.8,164.8,183.8,247.2,266.2,247.2,266.2,76,48,'15_15',10,30,163.2,11,172,22,8,116.01,'A2B1_C2D1',19,25,52.6,0,43,130.23,'45/75',25,5.26,96.32,24.74,45.3,30.64,40.85,1.6,1.6,1.6,1.6,-2,-2,2,0,-2.8,-2.6,-3.35,-3.15,27,7,20,7,43,28,8,20,7,39,8,3,8,3,32,8,3,8,3,26,NULL,NULL,NULL,NULL),(3,NULL,'S06R01_DRH_MOR_FP1_Run1',23,1.2,1040,30.24,56.59,32.18,13.57,250,120,0,0,834,910,38.8,39.74,161.8,180.8,161.8,180.8,255.2,274.2,255.2,274.2,76,48,'15_15',30,40,85.3465,11,108,22,8,83.02,'R06006_SKT',5,25,96.32,0,43,130.23,'45/75',25,5.26,96.32,24.74,24.74,-0.11,-0.15,1.6,1.6,1.6,1.6,-2,-2,2,2,-2.8,-2.6,-3.35,-3.15,27,8,19,7,43,27,8,21,7,36,8,3,8,3,0,8,3,8,3,26,'VGP CONTROL','VGP CONTROL','HWA','HWA'),(4,NULL,'S06R01_DRH_MOR_FP1_Run2',23,1.2,1040,30.24,56.59,32.18,13.57,250,120,0,0,834,910,38.8,39.74,161.8,180.8,161.8,180.8,255.2,274.2,255.2,274.2,76,48,'15_15',30,40,85.3465,11,108,22,8,83.02,'R06006_SKT',5,25,96.32,0,43,130.23,'45/75',25,5.26,96.32,24.74,24.74,-0.11,-0.15,1.6,1.6,1.6,1.6,-2,-2,2,2,-2.8,-2.6,-3.35,-3.15,27,8,19,7,43,27,8,21,7,36,8,3,8,3,0,8,3,8,3,26,'VGP CONTROL','VGP CONTROL','HWA','HWA'),(5,NULL,'S06R01_DRH_MOR_FP1_Run3',23,1.2,1040,30.24,56.59,32.18,13.57,250,120,0,0,834,910,38.8,39.74,161.8,180.8,161.8,180.8,255.2,274.2,255.2,274.2,76,48,'15_15',30,40,85.3465,11,108,22,8,83.02,'R06006_SKT',5,25,96.32,0,43,130.23,'45/75',25,5.26,96.32,24.74,24.74,-0.11,-0.15,1.6,1.6,1.6,1.6,-2,-2,2,2,-2.8,-2.6,-3.35,-3.15,27,8,19,7,43,27,8,21,7,36,8,3,8,3,0,8,3,8,3,26,'VGP CONTROL','VGP CONTROL','HWA','HWA'),(6,NULL,'S06R01_DRH_MOR_FP2_Run1',23,1.2,1040,30.24,56.59,32.18,13.57,250,120,0,0,834,910,38.8,39.74,161.8,180.8,161.8,180.8,255.2,274.2,255.2,274.2,76,48,'15_15',30,40,85.3465,11,108,22,8,83.02,'R06006_SKT',5,25,96.32,0,43,130.23,'45/75',25,5.26,96.32,24.74,24.74,-0.11,-0.15,1.6,1.6,1.6,1.6,-2,-2,2,2,-2.8,-2.6,-3.35,-3.15,27,8,19,7,43,27,8,21,7,36,8,3,8,3,0,8,3,8,3,26,'VGP CONTROL','VGP CONTROL','HWA','HWA'),(7,NULL,'S06R01_DRH_MOR_FP2_Run2',23,1.2,1040,30.24,56.59,32.18,13.57,250,120,0,0,834,910,38.8,39.74,161.8,180.8,161.8,180.8,255.2,274.2,255.2,274.2,76,48,'15_15',30,40,85.3465,11,108,22,8,83.02,'R06006_SKT',5,25,96.32,0,43,130.23,'45/75',25,5.26,96.32,24.74,24.74,-0.11,-0.15,1.6,1.6,1.6,1.6,-2,-2,2,2,-2.8,-2.6,-3.35,-3.15,27,8,19,7,43,27,8,21,7,36,8,3,8,3,0,8,3,8,3,26,'VGP CONTROL','VGP CONTROL','HWA','HWA'),(8,NULL,'S06R01_DRH_MOR_Q1_Run1',23,1.2,1040,30.24,56.59,32.18,13.57,250,120,0,0,834,910,38.8,39.74,161.8,180.8,161.8,180.8,255.2,274.2,255.2,274.2,76,48,'15_15',30,40,85.3465,11,108,22,8,83.02,'R06006_SKT',5,25,96.32,0,43,130.23,'45/75',25,5.26,96.32,24.74,24.74,-0.11,-0.15,1.6,1.6,1.6,1.6,-2,-2,2,2,-2.8,-2.6,-3.35,-3.15,27,8,19,7,43,27,8,21,7,36,8,3,8,3,0,8,3,8,3,26,'VGP CONTROL','VGP CONTROL','HWA','HWA'),(9,NULL,'S06R01_DRH_MOR_SP_Run1',23,1.2,1040,30.24,56.59,32.18,13.57,250,120,0,0,834,910,38.8,39.74,161.8,180.8,161.8,180.8,255.2,274.2,255.2,274.2,76,48,'15_15',30,40,85.3465,11,108,22,8,83.02,'R06006_SKT',5,25,96.32,0,43,130.23,'45/75',25,5.26,96.32,24.74,24.74,-0.11,-0.15,1.6,1.6,1.6,1.6,-2,-2,2,2,-2.8,-2.6,-3.35,-3.15,27,8,19,7,43,27,8,21,7,36,8,3,8,3,0,8,3,8,3,26,'VGP CONTROL','VGP CONTROL','HWA','HWA'),(10,NULL,'S06R01_DRH_MOR_RACE_Run1',23,1.2,1040,30.35,60.43,31.76,15.88,250,120,0,0,834,910,38.8,39.74,161.8,180.8,161.8,180.8,255.2,274.2,255.2,274.2,76,48,'15_15',30,35,85.3465,11,108,22,8,83.02,'R06006_SKT',0,25,78.8,10.81,43,113.22,'45/75',100,25.52,78.8,30.24,30.24,8.11,10.81,1.6,1.6,1.6,1.6,-2,-2,2,2,-2.8,-2.6,-3.35,-3.15,27,8,19,7,43,27,8,21,7,36,8,3,8,3,0,8,3,8,3,26,'VGP CONTROL','VGP CONTROL','HWA','HWA'),(11,NULL,'S06R01_DRH_MOR_FP3_Run1',23,1.2,1040,32.26,55.65,34.34,8.17,250,120,0,0,834,910,38.8,39.74,161.8,180.8,161.8,180.8,255.2,274.2,255.2,274.2,76,48,'15_15',25,37,85.3465,11,108,22,8,83.02,'R06006_SKT',13,25,96.32,0,43,130.23,'45/75',25,5.26,96.32,24.74,24.74,-8.36,-11.15,1.6,1.6,1.6,1.6,-2,-2,2,2,-2.8,-2.6,-3.35,-3.15,27,8,19,7,43,27,8,21,7,36,8,3,8,3,0,8,3,8,3,26,'VGP CONTROL','VGP CONTROL','HWA','HWA'),(12,NULL,'S06R01_DRH_MOR_FP3_Run2',23,1.2,1040,32.26,55.65,34.34,8.17,250,120,0,0,834,910,38.8,39.74,161.8,180.8,161.8,180.8,255.2,274.2,255.2,274.2,76,48,'15_15',25,37,85.3465,11,108,22,8,83.02,'R06006_SKT',13,25,96.32,0,43,130.23,'45/75',25,5.26,96.32,24.74,24.74,-8.36,-11.15,1.6,1.6,1.6,1.6,-2,-2,2,2,-2.8,-2.6,-3.35,-3.15,27,8,19,7,43,27,8,21,7,36,8,3,8,3,0,8,3,8,3,26,'VGP CONTROL','VGP CONTROL','HWA','HWA'),(13,NULL,'S06R01_DRH_MOR_Q2_Run1',23,1.2,1040,32.26,55.65,34.34,8.17,250,120,0,0,834,910,38.8,39.74,161.8,180.8,161.8,180.8,255.2,274.2,255.2,274.2,76,48,'15_15',25,37,85.3465,11,108,22,8,83.02,'R06006_SKT',13,25,96.32,0,43,130.23,'45/75',25,5.26,96.32,24.74,24.74,-8.36,-11.15,1.6,1.6,1.6,1.6,-2,-2,2,2,-2.8,-2.6,-3.35,-3.15,27,8,19,7,43,27,8,21,7,36,8,3,8,3,0,8,3,8,3,26,'VGP CONTROL','VGP CONTROL','HWA','HWA'),(14,NULL,'S06R01_DRH_MOR_RACE2_Run1',23,1.2,1040,31.59,60.17,33.03,12.26,250,120,0,0,834,910,38.8,39.74,161.8,180.8,161.8,180.8,255.2,274.2,255.2,274.2,76,48,'15_15',27,35,85.3465,11,108,22,8,83.02,'R06006_SKT',0,25,78.8,0,43,113.22,'45/75',65,16.07,78.8,30.24,30.24,-0.14,-0.19,1.6,1.6,1.6,1.6,-2,-2,2,2,-2.8,-2.6,-3.35,-3.15,27,8,19,7,43,27,8,21,7,36,8,3,8,3,0,8,3,8,3,26,'VGP CONTROL','VGP CONTROL','HWA','HWA'),(15,NULL,'S06R01_DRH_MAS_FP1_Run1',23,1.2,1040,30.24,55.94,32.41,13.57,250,120,2,2,836,902,38.8,39.62,162.18,178.68,162.18,178.68,255.82,272.32,255.82,272.32,66,19,'15_15',30,40,85.3465,12,108,25,8,83.02,'R060062_SKT',5,25,96.32,0,51,130.23,'45/75',25,5.26,96.32,24.74,24.74,-0.11,-0.15,1.6,1.6,1.6,1.6,-2,-2,2,2,-2.8,-2.6,-3.35,-3.15,27,7,20,7,43,28,8,20,7,39,8,3,8,3,0,8,3,8,3,26,'VGP PITCH','VGP PITCH','HWA','HWA'),(16,NULL,'S06R01_DRH_MAS_FP1_Run2',23,1.2,1040,30.24,55.94,32.41,13.57,250,120,2,2,836,902,38.8,39.62,162.18,178.68,162.18,178.68,255.82,272.32,255.82,272.32,66,19,'15_15',30,40,85.3465,12,108,25,8,83.02,'R060062_SKT',5,25,96.32,0,51,130.23,'45/75',25,5.26,96.32,24.74,24.74,-0.11,-0.15,1.6,1.6,1.6,1.6,-2,-2,2,2,-2.8,-2.6,-3.35,-3.15,27,7,20,7,43,28,8,20,7,39,8,3,8,3,0,8,3,8,3,26,'VGP PITCH','VGP PITCH','HWA','HWA'),(17,NULL,'S06R01_DRH_MAS_FP1_Run3',23,1.2,1040,30.24,55.94,32.41,13.57,250,120,2,2,836,902,38.8,39.62,162.18,178.68,162.18,178.68,255.82,272.32,255.82,272.32,66,19,'15_15',30,40,85.3465,12,108,25,8,83.02,'R060062_SKT',5,25,96.32,0,51,130.23,'45/75',25,5.26,96.32,24.74,24.74,-0.11,-0.15,1.6,1.6,1.6,1.6,-2,-2,2,2,-2.8,-2.6,-3.35,-3.15,27,7,20,7,43,28,8,20,7,39,8,3,8,3,0,8,3,8,3,26,'VGP PITCH','VGP PITCH','HWA','HWA'),(18,NULL,'S06R01_DRH_MAS_FP2_Run1',23,1.2,1040,30.24,57.18,32.24,13.57,250,120,2,2,836,902,38.8,39.62,162.18,178.68,162.18,178.68,255.82,272.32,255.82,272.32,66,19,'15_15',30,40,85.3465,12,108,25,8,83.02,'R06006_SKT',0,25,96.32,0,51,130.23,'45/75',25,5.26,96.32,24.74,24.74,-0.11,-0.15,1.6,1.6,1.6,1.6,-2,-2,2,2,-2.8,-2.6,-3.35,-3.15,27,7,20,7,43,28,8,20,7,39,8,3,8,3,0,8,3,8,3,26,'VGP PITCH','VGP PITCH','HWA','HWA'),(19,NULL,'S06R01_DRH_MAS_FP2_Run2',23,1.2,1040,30.24,57.18,32.24,13.57,250,120,2,2,836,902,38.8,39.62,162.18,178.68,162.18,178.68,255.82,272.32,255.82,272.32,66,19,'15_15',30,40,85.3465,12,108,25,8,83.02,'R06006_SKT',0,25,96.32,0,51,130.23,'45/75',25,5.26,96.32,24.74,24.74,-0.11,-0.15,1.6,1.6,1.6,1.6,-2,-2,2,2,-2.8,-2.6,-3.35,-3.15,27,7,20,7,43,28,8,20,7,39,8,3,8,3,0,8,3,8,3,26,'VGP PITCH','VGP PITCH','HWA','HWA'),(20,NULL,'S06R01_DRH_MAS_Q_Run1',23,1.2,1040,30.24,57.18,32.24,13.57,250,120,2,2,836,902,38.8,39.62,162.18,178.68,162.18,178.68,255.82,272.32,255.82,272.32,66,19,'15_15',30,40,85.3465,12,108,25,8,83.02,'R06006_SKT',0,25,96.32,0,51,130.23,'45/75',25,5.26,96.32,24.74,24.74,-0.11,-0.15,1.6,1.6,1.6,1.6,-2,-2,2,2,-2.8,-2.6,-3.35,-3.15,27,7,20,7,43,28,8,20,7,39,8,3,8,3,0,8,3,8,3,26,'VGP PITCH','VGP PITCH','HWA','HWA'),(21,NULL,'S06R01_DRH_MAS_R_Run1',23,1.2,1040,30.35,60.41,31.91,15.88,250,120,2,2,836,902,38.8,39.62,162.18,178.68,162.18,178.68,255.82,272.32,255.82,272.32,66,19,'15_15',30,35,85.3465,12,108,25,8,83.02,'R06006_SKT',0,25,78.8,10,51,113.22,'45/75',100,25.52,96.32,24.74,30.24,8.11,10.81,1.6,1.6,1.6,1.6,-2,-2,2,2,-2.8,-2.6,-3.35,-3.15,27,7,20,7,43,28,8,20,7,39,8,3,8,3,0,8,3,8,3,26,'VGP PITCH','VGP PITCH','HWA','HWA'),(22,NULL,'S06R01_DRH_VAN_FP1_Run1',23,1.2,1040,35.58,56.49,37.54,4.14,250,120,0,0,834,910,38.8,39.74,161.8,180.8,161.8,180.8,255.2,274.2,255.2,274.2,76,48,'20_20',25,30,51.993,9,88,30,8,70.74,'R06004_SKT',19,22,78.8,0,54,113.22,'45/75',125,32.27,96.32,24.74,30.24,8.11,10.81,1.6,1.6,1.6,1.6,-2,-2,2,2,-3,-2.5,-2.4,-1.75,18,1,8,1,70,18,1,8,1,70,8,3,8,3,0,8,3,8,3,26,'3','3','2','2'),(23,NULL,'S06R01_DRH_VAN_FP1_Run2',23,1.2,1040,35.58,56.49,37.54,4.14,250,120,0,0,834,910,38.8,39.74,161.8,180.8,161.8,180.8,255.2,274.2,255.2,274.2,76,48,'20_20',25,30,51.993,9,88,30,8,70.74,'R06004_SKT',19,22,78.8,0,54,113.22,'45/75',125,32.27,96.32,24.74,30.24,8.11,10.81,1.6,1.6,1.6,1.6,-2,-2,2,2,-3,-2.5,-2.4,-1.75,18,1,8,1,70,18,1,8,1,70,8,3,8,3,0,8,3,8,3,26,'3','3','2','2'),(24,NULL,'S06R01_DRH_VAN_FP1_Run3',23,1.2,1040,35.58,56.49,37.54,4.14,250,120,0,0,834,910,38.8,39.74,161.8,180.8,161.8,180.8,255.2,274.2,255.2,274.2,76,48,'20_20',25,30,51.993,9,88,30,8,70.74,'R06004_SKT',19,22,78.8,0,54,113.22,'45/75',125,32.27,96.32,24.74,30.24,8.11,10.81,1.6,1.6,1.6,1.6,-2,-2,2,2,-3,-2.5,-3.4,-2.75,18,1,8,1,70,18,1,8,1,70,8,3,8,3,0,8,3,8,3,26,'3','3','2','2'),(25,NULL,'S06R01_DRH_VAN_FP2_Run1',23,1.2,1040,35.58,56.49,37.54,4.14,250,120,0,0,834,910,38.8,39.74,161.8,180.8,161.8,180.8,255.2,274.2,255.2,274.2,76,48,'20_20',25,30,51.993,9,88,30,8,70.74,'R06004_SKT',19,22,78.8,0,54,113.22,'45/75',125,32.27,96.32,24.74,30.24,8.11,10.81,1.6,1.6,1.6,1.6,-2,-2,2,2,-3,-2.5,-3.4,-2.75,18,1,8,1,70,18,1,8,1,70,8,3,8,3,0,8,3,8,3,26,'3','3','2','2'),(26,NULL,'S06R01_DRH_VAN_FP2_Run2',23,1.2,1040,35.58,56.49,37.54,4.14,250,120,0,0,834,910,38.8,39.74,161.8,180.8,161.8,180.8,255.2,274.2,255.2,274.2,76,48,'20_20',25,30,51.993,9,88,30,8,70.74,'R06004_SKT',19,22,78.8,0,54,113.22,'45/75',125,32.27,96.32,24.74,30.24,8.11,10.81,1.6,1.6,1.6,1.6,-2,-2,2,2,-3,-2.5,-3.4,-2.75,18,1,8,1,70,18,1,8,1,70,8,3,8,3,0,8,3,8,3,26,'3','3','2','2'),(27,NULL,'S06R01_DRH_VAN_FP2_Run3',23,1.2,1040,35.58,56.49,37.54,4.14,250,120,0,0,834,910,38.8,39.74,161.8,180.8,161.8,180.8,255.2,274.2,255.2,274.2,76,48,'20_20',25,30,51.993,9,88,30,8,70.74,'R06004_SKT',19,22,78.8,0,54,113.22,'45/75',125,32.27,96.32,24.74,30.24,8.11,10.81,1.6,1.6,1.6,1.6,-2,-2,2,2,-3,-2.5,-3.4,-2.75,18,1,8,1,70,18,1,8,1,70,8,3,8,3,0,8,3,8,3,26,'3','3','2','2'),(28,NULL,'S06R01_DRH_VAN_Q1_Run1',23,1.2,1040,35.58,56.49,37.54,4.14,250,120,0,0,834,910,38.8,39.74,161.8,180.8,161.8,180.8,255.2,274.2,255.2,274.2,76,48,'20_20',25,30,51.993,9,88,30,8,70.74,'R06004_SKT',19,22,78.8,0,54,113.22,'45/75',125,32.27,96.32,24.74,30.24,8.11,10.81,1.6,1.6,1.6,1.6,-2,-2,2,2,-3,-2.5,-3.4,-2.75,18,1,8,1,70,18,1,8,1,70,8,3,8,3,0,8,3,8,3,26,'3','3','2','2'),(29,NULL,'S06R01_DRH_VAN_SP_Run1',23,1.2,1040,35.58,56.49,37.54,4.14,250,120,0,0,834,910,38.8,39.74,161.8,180.8,161.8,180.8,255.2,274.2,255.2,274.2,76,48,'20_20',25,30,51.993,9,88,30,8,70.74,'R06004_SKT',19,22,78.8,0,54,113.22,'45/75',125,32.27,96.32,24.74,30.24,8.11,10.81,1.6,1.6,1.6,1.6,-2,-2,2,2,-3,-2.5,-3.4,-2.75,18,1,8,1,70,18,1,8,1,70,8,3,8,3,0,8,3,8,3,26,'3','3','2','2'),(30,NULL,'S06R01_DRH_VAN_RACE_Run1',23,1.2,1040,32.43,60.65,33.81,7.93,250,120,0,0,834,910,38.8,39.74,161.8,180.8,161.8,180.8,255.2,274.2,255.2,274.2,76,48,'15_15',25,30,118.7,9,88,30,8,70.74,'R06004_SKT',5,22,78.8,0,54,113.22,'45/75',125,32.27,96.32,24.74,30.24,8.11,10.81,1.6,1.6,1.6,1.6,-2,-2,2,2,-3,-2.5,-2.4,-1.75,18,1,8,1,70,18,1,8,1,70,8,3,8,3,0,8,3,8,3,26,'3','3','2','2'),(31,NULL,'S06R01_DRH_DEV_SD_Run1',23,1.2,1040,33.44,56.89,35.46,10.97,250,120,0,0,834,902,38.8,39.64,161.8,178.8,161.8,178.8,255.2,272.2,255.2,272.2,68,48,'20_20',30,30,51.993,9,88,30,8,70.74,'R06004_SKT',19,22,78.8,0,54,113.22,'45/75',125,32.27,96.32,24.74,30.24,8.11,10.81,1.6,1.6,1.6,1.6,-2,-2,2,2,-3,-2.5,-3.4,-2.75,18,1,8,1,70,18,1,8,1,70,8,3,8,3,0,8,3,8,3,26,'3','3','2','2'),(32,NULL,'S06R01_DRH_DEV_FP1_Run1',23,1.2,1040,35.58,56.47,37.65,4.16,250,120,0,0,834,902,38.8,39.64,161.8,178.8,161.8,178.8,255.2,272.2,255.2,272.2,68,48,'20_20',25,30,51.993,9,88,30,8,70.74,'R06004_SKT',19,22,78.8,0,54,113.22,'45/75',125,32.27,96.32,24.74,30.24,8.11,10.81,1.6,1.6,1.6,1.6,-2,-2,2,2,-2.9,-2.47,-2.37,-1.73,18,1,8,1,70,18,1,8,1,70,8,3,8,3,0,8,3,8,3,26,'3','3','2','2'),(33,NULL,'S06R01_DRH_DEV_FP1_Run2',23,1.2,1040,35.58,56.47,37.65,4.16,250,120,0,0,834,902,38.8,39.64,161.8,178.8,161.8,178.8,255.2,272.2,255.2,272.2,68,48,'20_20',25,30,51.993,9,88,30,8,70.74,'R06004_SKT',19,22,78.8,0,54,113.22,'45/75',125,32.27,96.32,24.74,30.24,8.11,10.81,1.6,1.6,1.6,1.6,-2,-2,2,2,-2.9,-2.47,-2.37,-1.73,18,1,8,1,70,18,1,8,1,70,8,3,8,3,0,8,3,8,3,26,'3','3','2','2'),(34,NULL,'S06R01_DRH_DEV_FP1_Run3',23,1.2,1040,35.58,56.47,37.65,4.16,250,120,0,0,834,902,38.8,39.64,161.8,178.8,161.8,178.8,255.2,272.2,255.2,272.2,68,48,'20_20',25,30,51.993,9,88,30,8,70.74,'R06004_SKT',19,22,78.8,0,54,113.22,'45/75',125,32.27,96.32,24.74,30.24,8.11,10.81,1.6,1.6,1.6,1.6,-2,-2,2,2,-2.9,-2.47,-2.37,-1.73,18,1,8,1,70,18,1,8,1,70,8,3,8,3,0,8,3,8,3,26,'3','3','2','2'),(35,NULL,'S06R01_DRH_DEV_FP2_Run1',23,1.2,1040,35.58,56.47,37.65,4.16,250,120,0,0,834,902,38.8,39.64,161.8,178.8,161.8,178.8,255.2,272.2,255.2,272.2,68,48,'20_20',25,30,51.993,9,88,30,8,70.74,'R06004_SKT',19,22,78.8,0,54,113.22,'45/75',125,32.27,96.32,24.74,30.24,8.11,10.81,1.6,1.6,1.6,1.6,-2,-2,2,2,-2.9,-2.47,-2.37,-1.73,18,1,8,1,70,18,1,8,1,70,8,3,8,3,0,8,3,8,3,26,'3','3','2','2'),(36,NULL,'S06R01_DRH_DEV_FP2_Run2',23,1.2,1040,35.58,56.47,37.65,4.16,250,120,0,0,834,902,38.8,39.64,161.8,178.8,161.8,178.8,255.2,272.2,255.2,272.2,68,48,'20_20',25,30,51.993,9,88,30,8,70.74,'R06004_SKT',19,22,78.8,0,54,113.22,'45/75',125,32.27,96.32,24.74,30.24,8.11,10.81,1.6,1.6,1.6,1.6,-2,-2,2,2,-2.9,-2.47,-2.37,-1.73,18,1,8,1,70,18,1,8,1,70,8,3,8,3,0,8,3,8,3,26,'3','3','2','2'),(37,NULL,'S06R01_DRH_DEV_FP2_Run3',23,1.2,1040,35.58,56.49,37.54,4.14,250,120,0,0,834,910,38.8,39.74,161.8,180.8,161.8,180.8,255.2,274.2,255.2,274.2,76,48,'20_20',25,30,51.993,9,88,30,8,70.74,'R06004_SKT',19,22,78.8,0,54,113.22,'45/75',125,32.27,96.32,24.74,30.24,8.11,10.81,1.6,1.6,1.6,1.6,-2,-2,2,2,-2.9,-2.47,-2.37,-1.73,18,1,8,1,70,18,1,8,1,70,8,3,8,3,0,8,3,8,3,26,'3','3','2','2'),(38,NULL,'S06R01_DRH_DEV_Q1_Run1',23,1.2,1040,0,0,0,0,250,120,0,0,834,902,38.8,39.64,161.8,178.8,161.8,178.8,255.2,272.2,255.2,272.2,68,48,'20_20',25,30,51.993,9,88,30,8,0,'R06004_SKT',19,22,78.8,0,54,0,'45/75',125,32.27,96.32,24.74,30.24,8.11,10.81,1.6,1.6,1.6,1.6,-2,-2,2,2,-2.9,-2.47,-3.37,-2.73,18,1,8,1,70,18,1,8,1,70,8,3,8,3,0,8,3,8,3,26,'3','3','2','2'),(39,NULL,'S06R01_DRH_DEV_SP_Run1',23,1.2,1040,35.58,56.47,37.65,4.16,250,120,0,0,834,902,38.8,39.64,161.8,178.8,161.8,178.8,255.2,272.2,255.2,272.2,68,48,'20_20',25,30,51.993,9,88,30,8,70.74,'R06004_SKT',19,22,78.8,0,54,113.22,'45/75',125,32.27,96.32,24.74,30.24,8.11,10.81,1.6,1.6,1.6,1.6,-2,-2,2,2,-2.9,-2.47,-3.37,-2.73,18,1,8,1,70,18,1,8,1,70,8,3,8,3,0,8,3,8,3,26,'3','3','2','2'),(40,NULL,'S06R01_DRH_DEV_RACE_Run1',23,1.2,1040,32.43,60.63,33.92,7.95,250,120,0,0,834,902,38.8,39.64,161.8,178.8,161.8,178.8,255.2,272.2,255.2,272.2,68,48,'15_15',25,30,118.7,9,88,30,8,70.74,'R06004_SKT',5,22,78.8,0,54,113.22,'45/75',125,32.27,96.32,24.74,30.24,8.11,10.81,1.6,1.6,1.6,1.6,-2,-2,2,2,-2.9,-2.47,-2.37,-1.73,18,1,8,1,70,18,1,8,1,70,8,3,8,3,0,8,3,8,3,26,'3','3','2','2'),(41,NULL,'S06R01_DRH_DEV_FP3_Run1',23,1.2,1040,32.43,57.48,34.37,7.95,250,120,0,0,834,902,38.8,39.64,161.8,178.8,161.8,178.8,255.2,272.2,255.2,272.2,68,48,'15_15',25,30,51.993,9,88,30,8,70.74,'R06004_SKT',12,22,78.8,0,54,113.22,'45/75',125,32.27,96.32,24.74,30.24,8.11,10.81,1.6,1.6,1.6,1.6,-2,-2,2,2,-3.15,-2.27,-3.43,-2.78,18,1,8,1,70,18,1,8,1,70,8,3,8,3,0,8,3,8,3,NULL,'3','3','2','2'),(42,NULL,'S06R01_DRH_DEV_FP3_Run2',23,1.2,1040,32.43,57.48,34.37,7.95,250,120,0,0,834,902,38.8,39.64,161.8,178.8,161.8,178.8,255.2,272.2,255.2,272.2,68,48,'15_15',25,30,51.993,9,88,30,8,70.74,'R06004_SKT',12,22,78.8,0,54,113.22,'45/75',125,32.27,96.32,24.74,30.24,8.11,10.81,1.6,1.6,1.6,1.6,-2,-2,2,2,-3.15,-2.27,-3.43,-2.78,18,1,8,1,70,18,1,8,1,70,8,3,8,3,0,8,3,8,3,NULL,'3','3','2','2'),(43,NULL,'S06R01_DRH_DEV_FP3_Run3',23,1.2,1040,32.43,57.48,34.37,7.95,250,120,0,0,834,902,38.8,39.64,161.8,178.8,161.8,178.8,255.2,272.2,255.2,272.2,68,48,'15_15',25,30,51.993,9,88,30,8,70.74,'R06004_SKT',12,22,78.8,0,54,113.22,'45/75',125,32.27,96.32,24.74,30.24,8.11,10.81,1.6,1.6,1.6,1.6,-2,-2,2,2,-3.15,-2.27,-3.43,-2.78,18,1,8,1,70,18,1,8,1,70,8,3,8,3,0,8,3,8,3,NULL,'3','3','2','2'),(44,NULL,'S06R01_DRH_DEV_Q2_Run1',23,1.2,1040,35.58,56.47,37.65,4.16,250,120,0,0,834,902,38.8,39.64,161.8,178.8,161.8,178.8,255.2,272.2,255.2,272.2,68,48,'20_20',25,30,51.993,9,88,30,8,70.74,'R06004_SKT',19,22,78.8,0,54,113.22,'45/75',125,32.27,96.32,24.74,30.24,8.11,10.81,1.6,1.6,1.6,1.6,-2,-2,2,2,-2.9,-2.47,-3.37,-2.73,18,1,8,1,70,18,1,8,1,70,8,3,8,3,0,8,3,8,3,NULL,'3','3','2','2'),(45,NULL,'S06R01_DRH_DEV_RACE2_Run1',23,1.2,1040,32.43,60.63,33.92,7.95,250,120,0,0,834,902,38.8,39.64,161.8,178.8,161.8,178.8,255.2,272.2,255.2,272.2,68,48,'15_15',25,30,118.7,9,88,30,8,70.74,'R06004_SKT',5,22,78.8,0,54,113.22,'45/75',125,32.27,96.32,24.74,30.24,8.11,10.81,1.6,1.6,1.6,1.6,-2,-2,2,2,-2.9,-2.47,-2.37,-1.73,18,1,8,1,70,18,1,8,1,70,8,3,8,3,0,8,3,8,3,NULL,'3','3','2','2'),(46,NULL,'S06R01_DRH_VAN_FP3_Run1',23,1.2,1040,32.43,57.5,34.25,7.93,250,120,0,0,834,910,38.8,39.74,161.8,180.8,161.8,180.8,255.2,274.2,255.2,274.2,76,48,'15_15',25,30,51.993,9,88,30,8,70.74,'R06004_SKT',12,22,78.8,0,54,113.22,'45/75',125,32.27,96.32,24.74,30.24,8.11,10.81,1.6,1.6,1.6,1.6,-2,-2,2,2,-3,-2.5,-3.4,-2.75,18,1,8,1,70,18,1,8,1,70,8,3,8,3,0,8,3,8,3,NULL,'3','3','2','2'),(47,NULL,'S06R01_DRH_VAN_FP3_Run2',23,1.2,1040,32.43,57.5,34.25,7.93,250,120,0,0,834,910,38.8,39.74,161.8,180.8,161.8,180.8,255.2,274.2,255.2,274.2,76,48,'15_15',25,30,51.993,9,88,30,8,70.74,'R06004_SKT',12,22,78.8,0,54,113.22,'45/75',125,32.27,96.32,24.74,30.24,8.11,10.81,1.6,1.6,1.6,1.6,-2,-2,2,2,-3,-2.5,-3.4,-2.75,18,1,8,1,70,18,1,8,1,70,8,3,8,3,0,8,3,8,3,NULL,'3','3','2','2'),(48,NULL,'S06R01_DRH_VAN_FP3_Run3',23,1.2,1040,32.43,57.5,34.25,7.93,250,120,0,0,834,910,38.8,39.74,161.8,180.8,161.8,180.8,255.2,274.2,255.2,274.2,76,48,'15_15',25,30,51.993,9,88,30,8,70.74,'R06004_SKT',12,22,78.8,0,54,113.22,'45/75',125,32.27,96.32,24.74,30.24,8.11,10.81,1.6,1.6,1.6,1.6,-2,-2,2,2,-3,-2.5,-3.4,-2.75,18,1,8,1,70,18,1,8,1,70,8,3,8,3,0,8,3,8,3,NULL,'3','3','2','2'),(49,NULL,'S06R01_DRH_VAN_Q2_Run1',23,1.2,1040,32.43,57.5,34.25,7.93,250,120,0,0,834,910,38.8,39.74,161.8,180.8,161.8,180.8,255.2,274.2,255.2,274.2,76,48,'15_15',25,30,51.993,9,88,30,8,70.74,'R06004_SKT',12,22,78.8,0,54,113.22,'45/75',125,32.27,96.32,24.74,30.24,8.11,10.81,1.6,1.6,1.6,1.6,-2,-2,2,2,-3,-2.5,-3.4,-2.75,18,1,8,1,70,18,1,8,1,70,8,3,8,3,0,8,3,8,3,NULL,'3','3','2','2'),(50,NULL,'S06R01_DRH_VAN_RACE2_Run1',23,1.2,1040,32.43,60.65,33.81,7.93,250,120,0,0,834,910,38.8,39.74,161.8,180.8,161.8,180.8,255.2,274.2,255.2,274.2,76,48,'15_15',25,30,118.7,9,88,30,8,70.74,'R06004_SKT',5,22,78.8,0,54,113.22,'45/75',125,32.27,96.32,24.74,30.24,8.11,10.81,1.6,1.6,1.6,1.6,-2,-2,2,2,-3,-2.5,-2.4,-1.75,18,1,8,1,70,18,1,8,1,70,8,3,8,3,0,8,3,8,3,NULL,'3','3','2','2');
/*!40000 ALTER TABLE `setups` ENABLE KEYS */;
UNLOCK TABLES;

--
-- Table structure for table `stats`
--

DROP TABLE IF EXISTS `stats`;
/*!40101 SET @saved_cs_client     = @@character_set_client */;
/*!40101 SET character_set_client = utf8 */;
CREATE TABLE `stats` (
  `Stats_id` int(11) DEFAULT NULL,
  `Event` longtext,
  `LapNumber` double DEFAULT NULL,
  `Driver` longtext,
  `Session` longtext,
  `TimeDay` double DEFAULT NULL,
  `Run` double DEFAULT NULL,
  `Lap` double DEFAULT NULL,
  `LapTime` double DEFAULT NULL,
  `Car` double DEFAULT NULL,
  `DriverEnd` longtext,
  `Session_Description` longtext,
  `tLift` double DEFAULT NULL,
  `vCar` double DEFAULT NULL,
  `PDischargeMax` double DEFAULT NULL,
  `PChargeMax` double DEFAULT NULL,
  `TBrakeFL` double DEFAULT NULL,
  `TBrakeFR` double DEFAULT NULL,
  `TBrakeRL` double DEFAULT NULL,
  `TBrakeRR` double DEFAULT NULL,
  `pBrakeF` double DEFAULT NULL,
  `pBrakeBBWCaliper` double DEFAULT NULL,
  `CAR_A_USOS_CORNER` double DEFAULT NULL,
  `CAR_A_USOS_HS` double DEFAULT NULL,
  `CAR_A_USOS_MS` double DEFAULT NULL,
  `CAR_A_USOS_LS` double DEFAULT NULL,
  `CAR_G_AX_BRAKE_KPI` double DEFAULT NULL,
  `TBrakeCoolingFL` double DEFAULT NULL,
  `TBrakeCoolingFR` double DEFAULT NULL,
  `TBrakeCoolingRL` double DEFAULT NULL,
  `TBrakeCoolingRR` double DEFAULT NULL,
  `rMBrakeBalance` double DEFAULT NULL,
  `PRESSFIAMin` double DEFAULT NULL,
  `PRESSFIAMax` double DEFAULT NULL,
  `TTyreCarcassFL` double DEFAULT NULL,
  `TTyreCarcassFR` double DEFAULT NULL,
  `TTyreCarcassRL` double DEFAULT NULL,
  `TTyreCarcassRR` double DEFAULT NULL,
  `TYR_T_SPLIT_MAX` double DEFAULT NULL,
  `pTyreFL` double DEFAULT NULL,
  `pTyreFR` double DEFAULT NULL,
  `pTyreRL` double DEFAULT NULL,
  `pTyreRR` double DEFAULT NULL,
  `TYR_SLIP_R_ENTRY_FA` double DEFAULT NULL,
  `TYR_SLIP_R_ENTRY_RA` double DEFAULT NULL,
  `TYR_SPIN` double DEFAULT NULL,
  `TYR_LOCK_FA_EOL` double DEFAULT NULL,
  `TYR_LOCK_RA_EOL` double DEFAULT NULL,
  `TYR_LOCK_BIAS_EOL` double DEFAULT NULL,
  `TYR_ENERGY_FXY_BIAS` double DEFAULT NULL,
  `TYR_ENERGY_FXYFA` double DEFAULT NULL,
  `TYR_ENERGY_FXYRA` double DEFAULT NULL,
  `TYR_ENERGY_FXYFL` double DEFAULT NULL,
  `TYR_ENERGY_FXYFR` double DEFAULT NULL,
  `TYR_ENERGY_FXYRL` double DEFAULT NULL,
  `TYR_ENERGY_FXYRR` double DEFAULT NULL,
  `TYR_GRIPX_FA` double DEFAULT NULL,
  `TYR_GRIPX_RA` double DEFAULT NULL,
  `TYR_GRIPY_FA` double DEFAULT NULL,
  `TYR_GRIPY_RA` double DEFAULT NULL,
  `ROL_X_BIAS_AVG` double DEFAULT NULL,
  `TYR_AYMAX` double DEFAULT NULL,
  `STIFF_ROL_FA` double DEFAULT NULL,
  `STIFF_ROL_RA` double DEFAULT NULL,
  `ETotalFIA` double DEFAULT NULL,
  `EDischargeRESS` double DEFAULT NULL,
  `EChargeRESS` double DEFAULT NULL,
  `EChargeBrake` double DEFAULT NULL,
  `EChargeBrakeOnly` double DEFAULT NULL,
  `EChargePaddleOnly` double DEFAULT NULL,
  `EChargeBrakePaddle` double DEFAULT NULL,
  `EQualiPowerExceeded` double DEFAULT NULL,
  `ERacePowerExceeded` double DEFAULT NULL,
  `EFanBoostPowerExceeded` double DEFAULT NULL,
  `PThrottleFIALimitMax` double DEFAULT NULL,
  `PThrottleFIALimitMin` double DEFAULT NULL,
  `RHL_X_FA_Setup` double DEFAULT NULL,
  `RHL_X_RA_Setup` double DEFAULT NULL,
  `TYR_BRAKE_EFF_FA` double DEFAULT NULL,
  `TYR_BRAKE_EFF_RA` double DEFAULT NULL,
  `TYR_ENERGY_FXRA_EOL_PADDLE` double DEFAULT NULL,
  `ELapConsumptionSFLine` double DEFAULT NULL,
  `ELapConsumptionTarget` double DEFAULT NULL,
  `PPTEMIntervention` double DEFAULT NULL,
  `NTEM_Intensity_C` double DEFAULT NULL,
  `PTEM_Intensity_C` double DEFAULT NULL,
  `EBrakeF` double DEFAULT NULL,
  `EBrakeR` double DEFAULT NULL,
  `gLong_BrakeEff_Intensity` double DEFAULT NULL,
  `gLong_NRJBrakeEfficiency_AVG` double DEFAULT NULL,
  `Time_cdBrakeLat` double DEFAULT NULL,
  `Time_cdPaddleLat` double DEFAULT NULL,
  `Time_cdThrottleLat` double DEFAULT NULL,
  `EChargePaddle` double DEFAULT NULL,
  `TYR_LOCK_RA_NoPaddle_EOL` double DEFAULT NULL,
  `PowerAverageHighSpeed` double DEFAULT NULL,
  `PowerAverageLowSpeed` double DEFAULT NULL,
  `PowerAverageMediumSpeed` double DEFAULT NULL,
  `PowertrainNoiseIntegral` double DEFAULT NULL
) ENGINE=MyISAM DEFAULT CHARSET=latin1;
/*!40101 SET character_set_client = @saved_cs_client */;

--
-- Dumping data for table `stats`
--

LOCK TABLES `stats` WRITE;
/*!40000 ALTER TABLE `stats` DISABLE KEYS */;
INSERT INTO `stats` VALUES (1,'R01',1,'MAS','FP1',25348.5,1,0,778.38,24,'MAS','FP1',131.3,133.5,200,0,55,57,94,77,68.39,110.1,1.73,NULL,1.84,1.55,-1.156,-266,-111.3,-247.1,-239.1,46.49,-4.56,215.92,14.65,14.85,25.3,18.7,10.5,1.39,1.4,1.41,1.42,1,2.08,463.9,7.6,115.7,6.18,27.6,230.74,605.39,109.68,121.07,312.52,293.09,0.9,1.2,0.72,0.74,53.22,1.52,250.57,114.1,1.32,1.34,0.01,-0.01,-0.01,0,0,0,1.28,0,210,190,-14.02,1.36,-1.53,-8.18,0,1.32,0,2.11,319.3,1915.7,1564,1577,NULL,NULL,NULL,NULL,NULL,NULL,NULL,NULL,NULL,NULL,NULL),(2,'R01',2,'MAS','FP1',25473.3,1,1,124.81,24,'MAS','FP1',5.3,131.4,200,0,225,232,461,427,56.19,67.98,-0.04,-0.39,-0.08,0.13,-1.097,-411.7,-335.2,-520.6,-649.6,46.5,-3.24,212.98,20,20.1,35.1,27.5,15,1.46,1.46,1.5,1.49,0.81,1.29,927.7,0,17.8,0,29.24,255.12,617.65,126.97,128.16,311.28,306.33,0.9,1.1,0.87,0.83,50.96,1.55,250.57,114.1,1.12,1.14,0,0,0,0,0,0,1.03,0,210,190,-12.84,-1.56,-0.79,-10.22,0.21,1.12,1.33,103.79,32.4,841.2,1280,1444,NULL,NULL,NULL,NULL,NULL,NULL,NULL,NULL,NULL,NULL,NULL),(3,'R01',3,'MAS','FP1',25562.7,1,2,89.38,24,'MAS','FP1',10.8,190.5,200,23,310,331,550,548,47.37,87.8,-0.37,-0.14,-0.44,0.27,-1.247,-355.1,-315.8,-513.2,-643.3,48.44,-25.42,213.04,24.9,24.25,41.9,34.6,17,1.49,1.49,1.54,1.53,1.05,1.07,649.4,28.5,18.5,60.65,26.68,223.11,613.3,114.71,108.4,315.39,297.86,0.9,1,0.85,0.86,51.91,1.58,250.57,114.1,1.47,1.52,0.07,-0.05,-0.02,0,-0.03,0,0.8,0,210,190,-18.84,-3.15,-4.21,-11.11,0.39,1.48,1.34,9.67,7.3,307.7,1736,1795,NULL,NULL,NULL,NULL,NULL,NULL,NULL,NULL,NULL,NULL,NULL),(4,'R01',4,'MAS','FP1',25649.3,1,3,86.58,24,'MAS','FP1',13.2,185.3,200,48.7,393,424,501,507,40.59,55.28,-0.3,-0.29,-0.3,-0.15,-1.201,-403.8,-430.6,-514.7,-593.5,48.03,-56.67,218.67,29.1,28.1,47.3,38.65,18.2,1.52,1.52,1.6,1.58,1.07,1.3,4.7,22.5,38,37.21,27.37,235.31,624.47,119.35,115.96,321.25,303.22,0.9,1.1,0.95,0.93,52.63,1.58,250.57,114.1,1.32,1.53,0.29,-0.17,-0.08,-0.03,-0.09,0,0.89,0,210,190,-16.84,-3.45,-4.26,-20.93,0.83,1.31,1.34,6.28,24.1,159.8,1379,761,NULL,NULL,NULL,NULL,NULL,NULL,NULL,NULL,NULL,NULL,NULL),(5,'R01',5,'MAS','FP1',25834.2,1,4,184.91,24,'MAS','FP1',31.3,142,200,57.1,285,321,332,332,37.29,42.38,-0.16,NULL,NULL,-0.16,-1.155,-585.1,-608.6,-606.8,-538.5,46.54,-59.8,203.49,25.55,25.6,40.55,32.15,14.9,1.56,1.56,1.63,1.61,1.03,1.43,14,3.1,37.1,7.82,29.29,27.74,67.06,13.96,13.77,33.67,33.29,0.9,1.1,0.68,0.64,47.89,1.52,250.57,114.1,0.3,0.37,0.1,-0.06,-0.04,0,-0.02,0,0,0,210,190,-14.19,0.85,-1.08,-23.17,0.03,0.3,1.34,99,13.3,47.8,405,173,NULL,NULL,NULL,NULL,NULL,NULL,NULL,NULL,NULL,NULL,NULL),(6,'R01',6,'MAS','FP1',25876.9,1,5,42.7,24,'MAS','FP1',20.8,49.7,200,57.1,168,195,210,210,29.64,0.67,-0.72,NULL,NULL,-0.72,NULL,-91.5,-90.7,-84.2,-70.6,44.14,-30.17,15.87,24.8,25.4,39.5,31.5,14.1,1.55,1.54,1.6,1.59,11.91,11.91,NULL,2.8,15.4,15.09,NULL,NULL,NULL,NULL,NULL,NULL,NULL,NULL,NULL,NULL,NULL,57.06,1.51,250.57,114.1,0,0.01,0.01,-0.01,-0.01,0,0,0,0,0,139.06,119.06,-10.98,7.62,-2.02,NULL,0,0,1.37,13.24,72.5,0,49,1,NULL,NULL,NULL,NULL,NULL,NULL,NULL,NULL,NULL,NULL,NULL),(7,'R01',7,'MAS','FP1',26349.6,2,0,210.71,24,'MAS','FP1',37.1,183.9,200,80.9,153,163,122,121,52.27,74.17,0.65,0.36,0.66,0.69,-1.189,-387.2,-316.3,-226.5,-296.7,48.19,-87.94,216.19,23.85,23.5,33.85,26.8,10,1.51,1.02,1.55,1.51,1.32,1.29,913.6,68.8,15.1,82.02,33.6,269.19,532.01,139.69,129.5,272.56,259.59,0.9,1.1,0.86,0.85,51.64,1.55,250.57,114.1,1.23,1.52,0.37,-0.27,-0.25,0,-0.01,0,1.02,0,210,190,-15.82,-2.56,-2.71,-23.43,0.83,-4.23,0,6.59,121.2,252.6,1473,329,NULL,NULL,NULL,NULL,NULL,NULL,NULL,NULL,NULL,NULL,NULL),(8,'R01',8,'MAS','FP1',26434.8,2,1,85.23,24,'MAS','FP1',11.5,190.5,200,109.5,350,360,139,133,43.26,64.87,-0.1,-0.06,-0.1,-0.17,-1.176,-380.4,-335.8,-170.9,-245.2,48.22,-117.34,215.28,29.45,29,40.1,32.9,10.7,1.53,1.53,1.57,1.56,1.16,1.6,769.5,19.6,46,29.85,29.37,289.85,697.26,150.75,139.1,361.84,335.4,0.9,1.1,0.96,0.94,52.76,1.59,250.57,114.1,1.24,1.61,0.49,-0.33,-0.14,-0.03,-0.19,0,0.72,0,210,190,-17.01,-3.8,-4.62,-32.24,1.82,1.24,1.34,6.01,9,157.1,1365,184,NULL,NULL,NULL,NULL,NULL,NULL,NULL,NULL,NULL,NULL,NULL),(9,'R01',9,'MAS','FP1',26521.9,2,2,87.08,24,'MAS','FP1',10.1,193.8,200,132.4,393,408,109,100,45.06,61.57,-0.17,-0.07,-0.19,-0.02,-1.332,-419.4,-413.3,-149,-189.8,48.38,-141.56,220.14,32.7,32.5,44.35,36.25,11.7,1.56,1.55,1.58,1.57,1.07,1.8,1090.6,11.5,128.1,8.27,27.49,247.08,651.82,129.47,117.62,336.62,315.2,0.9,1.2,0.88,0.88,52.29,1.58,250.57,114.1,1.25,1.64,0.53,-0.38,-0.28,0,-0.1,0,0.52,0,210,190,-19,-3.05,-5.05,-37.77,0.36,1.25,1.34,5.46,19.3,158.7,1541,124,NULL,NULL,NULL,NULL,NULL,NULL,NULL,NULL,NULL,NULL,NULL),(10,'R01',10,'MAS','FP1',26605,2,3,83.14,24,'MAS','FP1',4.7,197.3,200,161.6,451,474,94,84,47.29,53.08,-0.51,-0.17,-0.56,-0.39,-1.21,-544.6,-524.8,-103.7,-120.4,48.52,-172.4,219.46,36.65,35,49.45,40.2,12.8,1.59,1.58,1.6,1.58,1.33,1.99,1264.5,46.5,140.5,24.87,26.12,290.72,822.36,148.28,142.44,427.93,394.43,0.9,1.1,0.98,0.94,52.61,1.59,250.57,114.1,1.38,1.82,0.58,-0.41,-0.26,-0.03,-0.14,0,0.64,0,210,190,-19.95,-4.23,-5.3,-46.4,3.73,1.37,1.34,7.79,31.5,233.1,1697,95,NULL,NULL,NULL,NULL,NULL,NULL,NULL,NULL,NULL,NULL,NULL),(11,'R01',11,'MAS','FP1',26687.1,2,4,82.07,24,'MAS','FP1',6.9,189.6,200,192,454,467,68,61,45.53,25.47,-0.61,-0.17,-0.72,-0.22,-1.209,-536.9,-433.1,-22.1,-5.3,48.16,-206.82,216.32,39.35,38.05,53.8,43.7,14.4,1.61,1.6,1.62,1.59,4.27,2.46,1403.5,106.2,242.8,30.44,32.45,432.26,899.85,157.03,275.22,466.22,433.62,0.9,1.1,0.99,0.95,52.15,1.59,250.57,114.1,1.36,1.83,0.62,-0.4,-0.25,-0.06,-0.15,0,0.72,0,210,190,-17.48,-5.83,-4.42,-76.13,8.49,1.37,1.32,9.33,69.6,318.5,1552,25,NULL,NULL,NULL,NULL,NULL,NULL,NULL,NULL,NULL,NULL,NULL),(12,'R01',12,'MAS','FP1',26769.9,2,5,82.8,24,'MAS','FP1',9.7,188.9,200,215,422,421,47,38,43.89,9.57,-0.69,-0.22,-0.77,-1.54,-1.284,-431.1,-309.1,25.7,101.6,48.26,-229.15,215.24,41.5,41.45,56.95,46.25,15.5,1.63,1.61,1.63,1.6,1.49,2.82,1293.5,49.2,345.9,12.45,25.76,303.46,874.9,149.21,154.25,452.3,422.61,0.9,1.1,0.98,0.95,52.34,1.59,250.57,114.1,1.25,1.69,0.6,-0.42,-0.21,-0.02,-0.21,0,0.39,0,210,190,-18,-3.75,-4.77,-136.77,2.52,1.24,1.32,7.62,111.5,221.4,1437,15,NULL,NULL,NULL,NULL,NULL,NULL,NULL,NULL,NULL,NULL,NULL),(13,'R01',13,'MAS','FP1',26854.5,2,6,84.57,24,'MAS','FP1',9.3,187.9,200,232,382,391,34,27,37.81,1.08,-0.74,-0.18,-0.84,-0.64,NULL,-337.6,-261.4,78.6,94.3,47.64,-246.39,216.62,42.25,42.1,57.4,48.15,15.2,1.64,1.62,1.65,1.61,1.03,2.3,1258.7,18.8,367.5,4.86,23.54,260.2,845.37,131.86,128.34,436.59,408.79,0.5,1,0.99,0.94,52.5,1.59,250.57,114.1,1.12,1.63,0.66,-0.39,-0.28,-0.1,-0.11,0,0.35,0,210,190,-16.82,-4.38,-4.23,NULL,32.58,1.13,1.32,7.96,31.4,245,1328,12,NULL,NULL,NULL,NULL,NULL,NULL,NULL,NULL,NULL,NULL,NULL),(14,'R01',14,'MAS','FP1',26939,2,7,84.43,24,'MAS','FP1',2,195.3,200,244,396,401,34,26,45.5,0.89,-0.54,-0.59,-0.55,-0.37,-1.203,-368.8,-307,81.3,25.7,47.74,-215.79,213.5,42.15,40.5,57.55,48,15.4,1.63,1.62,1.65,1.62,1.12,2.12,1317.4,21.4,162.2,11.63,24.49,259.92,801.48,134.69,125.23,418.57,382.9,0.9,1.1,0.97,0.92,51.99,1.59,250.57,114.1,1.37,1.83,0.64,-0.48,-0.48,0,0,0,0.54,0,210,190,-19.77,-4.45,-4.66,NULL,0,1.36,1.32,7.83,16.4,249.2,2050,12,NULL,NULL,NULL,NULL,NULL,NULL,NULL,NULL,NULL,NULL,NULL),(15,'R01',15,'MAS','FP1',27019.7,2,8,80.76,24,'MAS','FP1',1.2,197.1,200,250,466,502,32,26,50.95,31.58,-0.57,-0.03,-0.7,-0.48,-1.329,-588,-562.6,139.8,86.8,48.82,-258.46,214.75,43.6,41.95,59.95,49.15,16.3,1.64,1.62,1.65,1.62,1.64,2.28,1391.4,76.5,187.5,28.98,26.38,331.86,926.2,170.24,161.62,481.8,444.39,1,1.2,1.01,0.95,51.71,1.59,250.57,114.1,1.57,2.05,0.62,-0.47,-0.47,0,0,0,0.92,0,210,190,-25.04,-6.01,-4.87,-75.1,0,1.57,1.32,7.66,16.8,237.2,2109,30,NULL,NULL,NULL,NULL,NULL,NULL,NULL,NULL,NULL,NULL,NULL),(16,'R01',16,'MAS','FP1',27106.3,2,9,86.58,24,'MAS','FP1',4.1,196.5,200,250,502,546,34,26,51.87,18.76,-0.51,-0.06,-0.69,-0.01,-1.376,-844.4,-760.7,88.7,70.6,48.69,-259.58,217.37,45.85,44.15,61.7,50.45,15.8,1.66,1.64,1.66,1.63,1.61,1.94,932.1,83.9,101.5,45.25,26.7,281.68,773.63,149.13,132.56,410.2,363.46,1,1.3,0.97,0.96,52.59,1.58,250.57,114.1,1.42,1.84,0.58,-0.43,-0.43,0,0,0,0.6,0,210,190,-23.52,-6.48,-4.57,-99.96,0,1.42,1.32,6.67,26,247,1882,27,NULL,NULL,NULL,NULL,NULL,NULL,NULL,NULL,NULL,NULL,NULL),(17,'R01',17,'MAS','FP1',27252.4,2,10,146.11,24,'MAS','FP1',1.2,156.5,200,238,373,405,31,26,42.64,1.08,-0.46,NULL,-0.48,-0.01,-1.261,-749.5,-658.9,116.2,123.1,47.47,-212.8,210.18,38.8,37.9,50.9,40.7,12.1,1.68,1.67,1.66,1.62,1.89,2.34,26.5,46.8,73.7,38.83,29.12,97.57,237.71,53.9,43.66,126.39,111.18,0.9,1.2,0.91,0.89,50.34,1.53,250.57,114.1,0.44,0.6,0.2,-0.14,-0.14,0,0,0,0,0,210,190,-16.74,-0.5,-0.95,NULL,0,0.44,1.32,130.34,6.8,23.5,593,8,NULL,NULL,NULL,NULL,NULL,NULL,NULL,NULL,NULL,NULL,NULL),(18,'R01',18,'MAS','FP1',27287.2,2,11,34.76,24,'MAS','FP1',15.7,53.6,200,232,235,260,28,24,14,13.97,-0.8,NULL,NULL,-0.8,NULL,-78.5,-67.3,39,1,41.86,-50.64,76.43,38.15,36.55,49.05,37.95,10.9,1.65,1.63,1.61,1.6,11.8,13.25,NULL,2.5,14.6,14.63,NULL,NULL,NULL,NULL,NULL,NULL,NULL,NULL,NULL,NULL,NULL,63.49,1.51,250.57,114.1,0.01,0.02,0.03,-0.01,-0.01,0,0,0,0,0,170.36,150.36,-9.85,6.78,-3.5,-8.91,0,0.01,1.32,28.74,21.9,0,56,1,NULL,NULL,NULL,NULL,NULL,NULL,NULL,NULL,NULL,NULL,NULL),(19,'R01',19,'MAS','FP1',27585,3,11,183.91,24,'MAS','FP1',19.2,163.3,200,238,205,214,69,71,52.05,87.58,0.87,0.36,1.14,0.25,-1.22,-500.2,-370.8,8.9,-102.3,60,-147.69,217.57,22.6,26.45,23.35,22.4,-3.1,1.13,1.07,1.44,1.14,0.91,1.97,932.2,15.5,74.1,17.3,31.39,260.01,568.31,127.65,132.37,289.48,278.94,0.9,1.1,0.83,0.82,52.59,1.55,250.57,114.1,1.39,1.59,0.28,-0.21,-0.21,0,0,0,0.69,0,210,190,-15.87,-2.99,-3.1,-12.35,0,20.41,1.32,15.11,100.8,763.7,1543,616,NULL,NULL,NULL,NULL,NULL,NULL,NULL,NULL,NULL,NULL,NULL),(20,'R01',20,'MAS','FP1',27676.5,3,12,91.46,24,'MAS','FP1',1,191.4,235,250,424,431,229,226,43.56,61.1,0.96,0.05,1.26,-0.05,-1.272,-631.7,-510.7,-216.4,-315.1,60,-214.83,247.17,34.1,37.45,33.95,32.7,-3.5,1.47,1.48,1.48,1.48,2.14,2.01,1042.7,87.4,147.7,37.16,37.53,411.85,685.82,183.57,228.28,352.92,333.02,0.9,1.2,0.91,0.91,52.59,1.58,250.57,114.1,1.54,1.92,0.5,-0.38,-0.38,0,0,0,1.03,0,245,225,-21.75,-3.94,-5.28,-26.96,0,1.54,1.32,4.27,31.6,145.3,2061,327,NULL,NULL,NULL,NULL,NULL,NULL,NULL,NULL,NULL,NULL,NULL),(21,'R01',21,'MAS','FP1',27758.5,3,13,82,24,'MAS','FP1',3.4,204.8,235,250,491,517,144,136,43.3,21.99,-0.02,0.35,-0.14,0.27,-1.273,-739.2,-674.5,-154.6,-137.8,47.86,-201.95,264.71,42.75,45.25,41.55,39.7,-3.7,1.53,1.54,1.53,1.52,1.67,1.8,1232.9,55.1,76.1,41.98,28.83,362.89,896.35,186.89,176,468.12,428.16,0.9,1.1,1,0.98,52.54,1.59,250.57,114.1,1.56,2.04,0.63,-0.47,-0.47,0,0,0,0.89,0,245,225,-19.91,-6.36,-5.06,-35.97,0,1.57,1.32,6.23,0.8,125.1,2039,136,NULL,NULL,NULL,NULL,NULL,NULL,NULL,NULL,NULL,NULL,NULL),(22,'R01',22,'MAS','FP1',27837.9,3,14,79.39,24,'MAS','FP1',2,205.5,250,250,521,556,108,100,49.67,35.5,-0.29,0.23,-0.44,-0.36,-1.377,-772.3,-798,-115.6,-127.2,48.43,-260.47,299.48,47.9,49.2,49.15,45.35,0,1.57,1.58,1.58,1.56,1.87,1.99,1429.6,83,102.3,44.79,28.09,391.26,1002.07,204.53,186.74,526.06,476.02,0.9,1.2,1.03,0.98,52.22,1.6,250.57,114.1,1.67,2.13,0.62,-0.46,-0.46,0,0,1.02,4.61,0.96,260,240,-24,-6.42,-4.96,-35.18,0,1.66,1.32,8.9,1.6,350.2,2101,167,NULL,NULL,NULL,NULL,NULL,NULL,NULL,NULL,NULL,NULL,NULL),(23,'R01',23,'MAS','FP1',27916.5,3,15,78.61,24,'MAS','FP1',1.8,211.1,250,250,568,608,97,92,48.68,34.07,-0.74,-0.1,-0.84,-2.06,-1.304,-1028,-1100,-102.1,-130.2,48.5,-259.35,286.77,53.25,52.85,55.5,51.05,2.3,1.62,1.62,1.61,1.59,2,1.89,1367.9,144.4,121.5,54.31,25.45,375.42,1100.17,194.17,181.25,571.87,528.31,0.9,1.2,1.04,1,52.32,1.6,250.57,114.1,1.75,2.26,0.63,-0.47,-0.47,0,0,2.06,27.85,1.9,260,240,-25.08,-5.84,-5.35,-36.37,0,1.75,1.32,16.19,2.1,565.3,2148,184,NULL,NULL,NULL,NULL,NULL,NULL,NULL,NULL,NULL,NULL,NULL),(24,'R01',24,'MAS','FP1',28081.6,3,16,165.09,24,'MAS','FP1',49.8,142.7,200,250,414,440,70,63,45.61,22.79,0.03,NULL,0.04,-0.01,-1.119,-1117.2,-905.4,-53.9,-37,46.32,-176.41,261.34,46.4,47.4,49.95,46.2,2.5,1.66,1.66,1.65,1.61,8.01,8.35,177.7,8.1,62,11.59,29.59,167.83,399.6,85.9,81.92,204.63,194.84,0.9,1.1,0.91,0.93,53.22,1.53,250.57,114.1,0.62,0.89,0.35,-0.24,-0.24,0,0,0,0,0,260,240,-14.48,-2.28,-1.69,-4.79,0,0.61,1.32,0.49,-3793,3803.4,942,38,NULL,NULL,NULL,NULL,NULL,NULL,NULL,NULL,NULL,NULL,NULL),(25,'R01',25,'MAS','FP1',28102,3,17,20.36,24,'MAS','FP1',4.5,49.6,200,250,325,347,57,50,12.68,0.67,-0.65,NULL,NULL,-0.65,NULL,-70.8,-60.9,1.1,5.2,41.26,-26.31,67.78,44.55,46.05,48.15,44.65,2.1,1.64,1.65,1.62,1.6,0.61,0.79,NULL,0,0,NULL,0.35,0,1,0,0,0.49,0.5,NULL,NULL,NULL,NULL,62.9,1.51,250.57,114.1,0.01,0.02,0.01,-0.01,-0.01,0,0,0,0,0,165.63,145.63,-5.36,6.96,-3.87,NULL,0,0.01,1.32,57.7,32.8,0,46,1,NULL,NULL,NULL,NULL,NULL,NULL,NULL,NULL,NULL,NULL,NULL),(26,'R01',26,'MAS','FP2',32920.2,4,0,777.19,24,'MAS','FP2',437.6,53.3,200,240,21,29,20,23,45.68,47.29,-0.24,NULL,NULL,-0.24,NULL,135.2,94.8,308.6,197.4,60,-37.74,107.52,18.8,19.35,26.15,20.7,6.8,1.43,1.25,1.38,1.43,0.31,1.91,1429.5,1.1,0,100,48.95,175.61,183.12,85.29,90.32,90.79,92.33,NULL,NULL,0.79,0.69,47.25,1.51,250.57,114.1,-17.26,0.46,0.03,0,0,0,0,0,0,0,176.59,156.59,-13.55,6.07,0,-0.05,0,0.4,1.32,34.53,22.5,0.1,271,205,NULL,NULL,NULL,NULL,NULL,NULL,NULL,NULL,NULL,NULL,NULL),(27,'R01',27,'MAS','FP2',33033,4,1,112.76,24,'MAS','FP2',4.6,170.6,200,250,239,229,172,179,45.94,89.66,0.68,0.09,0.76,0.45,-1.262,-560.4,-390.5,-212.8,-279.8,60,-182.81,217.22,26.6,26.25,34.2,29.3,7.6,1.46,1.46,1.46,1.47,1.78,2.59,1812.1,109.7,112.3,49.42,33.73,316.7,622.29,147.92,168.78,316.83,305.59,0.9,1.2,0.83,0.8,53.6,1.55,250.57,114.1,1.62,1.8,0.24,-0.18,-0.18,0,0,0,0.81,0,210,190,-17.62,-2.24,-2.41,-13.51,0,1.61,1.32,83.05,25.7,292.2,2204,1051,NULL,NULL,NULL,NULL,NULL,NULL,NULL,NULL,NULL,NULL,NULL),(28,'R01',28,'MAS','FP2',33124.7,4,2,91.67,24,'MAS','FP2',2.9,197.8,200,250,486,490,203,190,53.85,29.38,-0.3,0.32,-0.33,-1.66,-1.449,-937.6,-704.8,-207.4,-160.5,48.37,-261.51,217.73,36,36.15,47.75,39.8,11.6,1.53,1.53,1.53,1.53,1.73,1.82,1157.9,78.4,150.9,34.19,27.28,342.01,911.77,171.39,170.62,471.32,440.42,1,1.2,1.02,1.01,53.02,1.58,250.57,114.1,1.53,1.97,0.59,-0.44,-0.44,0,0,0,0.64,0,210,190,-24.59,-5.61,-5.6,-38.75,0,1.53,1.32,8.82,5.8,394.4,1941,113,NULL,NULL,NULL,NULL,NULL,NULL,NULL,NULL,NULL,NULL,NULL),(29,'R01',29,'MAS','FP2',33202.8,4,3,78.1,24,'MAS','FP2',2.6,199,200,250,537,551,140,126,62.23,54.47,-0.72,0.03,-0.92,-0.39,-1.336,-888.1,-746.7,-146.8,-109.7,48.38,-260.8,214.24,44.35,43.2,57.35,48.05,13,1.58,1.59,1.59,1.57,3.42,2.55,1636,241,213.2,53.05,28.85,439.89,1084.98,239.12,200.77,568.84,516.15,1,1.3,1.11,1.06,52.64,1.6,250.57,114.1,1.77,2.22,0.6,-0.45,-0.45,0,0,0,0.88,0,210,190,-25.73,-6.68,-4.84,-34.06,0,1.77,1.32,9,49,409.7,2172,177,NULL,NULL,NULL,NULL,NULL,NULL,NULL,NULL,NULL,NULL,NULL),(30,'R01',30,'MAS','FP2',33282.7,4,4,79.93,24,'MAS','FP2',1.9,198.2,200,250,610,614,115,104,48.32,26.49,-0.33,0.18,-0.52,0.01,-1.276,-1329.6,-1078,-136,-107.7,48.23,-241.5,219.44,52.1,49.25,64.85,55.25,12.7,1.64,1.64,1.64,1.61,2.3,1.76,1334.8,182.6,96.4,65.44,27.98,377.42,971.5,196.6,180.81,509.71,461.8,0.9,1.1,1.06,1.03,52.84,1.6,250.57,114.1,1.61,2.05,0.57,-0.43,-0.43,0,0,0,0.46,0,210,190,-23.05,-6.69,-5.14,-35.78,0,1.61,1.32,6.83,4.7,281.3,1964,135,NULL,NULL,NULL,NULL,NULL,NULL,NULL,NULL,NULL,NULL,NULL),(31,'R01',31,'MAS','FP2',33367.8,4,5,85.02,24,'MAS','FP2',2.3,197.1,200,250,579,595,94,89,53.19,40.48,-0.13,0.02,-0.12,-0.23,-1.42,-1301.4,-1046.6,-103.3,-85.7,48.34,-260.38,216.8,54.4,51.65,66.2,55.7,11.8,1.69,1.68,1.68,1.64,2.45,1.71,739.5,130.5,143.7,47.59,29.19,304.3,738.48,174.05,130.25,379.55,358.87,1,1.3,0.99,0.96,52.8,1.59,250.57,114.1,1.51,1.95,0.58,-0.43,-0.43,0,0,0,0.61,0,210,190,-25.5,-5.18,-5.08,-32.1,0,1.52,1.32,5.93,22.2,189.4,2038,171,NULL,NULL,NULL,NULL,NULL,NULL,NULL,NULL,NULL,NULL,NULL),(32,'R01',32,'MAS','FP2',33445.7,4,6,77.96,24,'MAS','FP2',1.1,198.2,200,250,584,615,94,91,63.3,60.7,-0.14,0.13,-0.26,2.45,-1.376,-1166.2,-1017.7,-76.1,-109.6,48.3,-258.77,215.71,58.65,55.4,68.25,58.75,9.6,1.71,1.7,1.69,1.65,8.09,87.6,NULL,289.2,113.4,71.83,NULL,NULL,NULL,NULL,NULL,NULL,NULL,1,1.3,NULL,NULL,53.14,1.6,250.57,114.1,1.79,2.22,0.58,-0.43,-0.43,0,0,0,0.7,0,210,190,-26.85,-6.92,-4.81,-30.33,0,1.79,1.32,6.34,111.5,227.6,2247,201,NULL,NULL,NULL,NULL,NULL,NULL,NULL,NULL,NULL,NULL,NULL),(33,'R01',33,'MAS','FP2',33523.5,4,7,77.77,24,'MAS','FP2',2.5,198.9,200,250,588,628,96,94,58.32,47.99,-0.04,0.2,-0.08,-0.51,-1.345,-1130.3,-1162.6,-84.3,-107.6,48.45,-257.95,214.24,63.25,60.8,73.15,62.9,9.9,1.74,1.73,1.71,1.67,2.79,1.99,NULL,276.8,110,71.56,NULL,NULL,NULL,NULL,NULL,NULL,NULL,1,1.2,NULL,NULL,52.59,1.6,250.57,114.1,1.84,2.27,0.59,-0.44,-0.44,0,0,0,0.71,0,210,190,-26.33,-7.75,-4.94,-34.76,0,1.83,1.32,7.52,32.3,348.7,2144,177,NULL,NULL,NULL,NULL,NULL,NULL,NULL,NULL,NULL,NULL,NULL),(34,'R01',34,'MAS','FP2',33608.6,4,8,85.03,24,'MAS','FP2',11.5,197.5,200,250,556,578,87,85,44.91,24.29,0.11,-0.31,0.12,0.36,-1.282,-1202.5,-1009,-75.8,-80.1,48.2,-229.45,213.91,62.4,59.45,71.3,60.3,8.9,1.77,1.75,1.73,1.69,1.71,1.49,NULL,86.6,71.9,54.66,NULL,NULL,NULL,NULL,NULL,NULL,NULL,0.9,1.2,NULL,NULL,53.26,1.59,250.57,114.1,1.33,1.68,0.47,-0.35,-0.35,0,0,0,0.77,0,210,190,-23.86,-4.81,-4.04,-35.14,0,1.33,1.32,4.56,8.6,159.3,1614,149,NULL,NULL,NULL,NULL,NULL,NULL,NULL,NULL,NULL,NULL,NULL),(35,'R01',35,'MAS','FP2',33685.5,4,9,76.91,24,'MAS','FP2',2.1,199.7,200,250,585,605,90,89,62.64,60.37,-0.09,0.2,-0.19,1.35,-1.384,-1177.5,-1006.8,-69.1,-87.4,48.46,-258.57,213.4,64,60.25,70.45,62.05,6.5,1.76,1.75,1.72,1.68,4.41,2.61,NULL,300,139.8,68.21,NULL,NULL,NULL,NULL,NULL,NULL,NULL,1,1.3,NULL,NULL,53.14,1.6,250.57,114.1,1.81,2.26,0.59,-0.44,-0.44,0,0,0,0.92,0,210,190,-27.32,-7.02,-4.68,-31.77,0,1.81,1.32,5.96,76.5,239,2208,201,NULL,NULL,NULL,NULL,NULL,NULL,NULL,NULL,NULL,NULL,NULL),(36,'R01',36,'MAS','FP2',33767.5,4,10,82.03,24,'MAS','FP2',3.7,196.7,200,250,554,593,87,85,49.42,27.77,0.1,0.18,0.1,-0.15,-1.425,-1197.9,-1014.5,-64.3,-71.5,48.24,-249.91,215.55,64.8,61.8,73.6,61.8,8.8,1.78,1.76,1.74,1.69,1.62,1.43,NULL,49.5,50.4,49.58,NULL,NULL,NULL,NULL,NULL,NULL,NULL,0.9,1.2,NULL,NULL,53.03,1.59,250.57,114.1,1.25,1.66,0.54,-0.4,-0.4,0,0,0,0,0,210,190,-23.83,-3.91,-5.5,-34.72,0,1.26,1.32,5.32,0,269.6,1732,113,NULL,NULL,NULL,NULL,NULL,NULL,NULL,NULL,NULL,NULL,NULL),(37,'R01',37,'MAS','FP2',33801.5,4,11,34,24,'MAS','FP2',15.1,49.7,200,250,505,531,77,75,15.47,0.78,-0.65,NULL,NULL,-0.65,NULL,-315.8,-249.8,-13.2,-19,43.17,-21.86,79.19,63.95,60.7,72.5,61.35,8.5,1.78,1.78,1.75,1.7,18.27,19.02,NULL,1.8,15.1,10.44,NULL,NULL,NULL,NULL,NULL,NULL,NULL,NULL,NULL,NULL,NULL,61.97,1.51,250.57,114.1,0.01,0.02,0.02,-0.01,-0.01,0,0,0,0,0,167.21,147.21,-10.39,5.82,-3.13,NULL,0,0.01,1.32,48.24,11,0,52,2,NULL,NULL,NULL,NULL,NULL,NULL,NULL,NULL,NULL,NULL,NULL),(38,'R01',38,'MAS','FP2',34167.2,5,11,159.13,24,'MAS','FP2',19.1,177.2,200,250,321,332,182,169,53.92,78.68,0.31,0.03,0.32,0.34,-1.379,-626.5,-473.1,-230.9,-270.9,60,-259.04,213.56,50.3,48.2,55.5,46.75,5.2,1.65,1.31,1.28,1.3,1.21,2.39,1332.7,110,138.4,44.29,30.29,302.75,696.74,150.1,152.65,357.5,339.35,1,1.3,0.95,0.92,53.22,1.56,250.57,114.1,1.73,1.94,0.29,-0.22,-0.22,0,0,0,0.36,0,210,190,-21.56,-3.6,-2.45,-20.08,0,18.18,1.32,15.63,50.9,121.6,2483,1055,NULL,NULL,NULL,NULL,NULL,NULL,NULL,NULL,NULL,NULL,NULL),(39,'R01',39,'MAS','FP2',34250.4,5,12,83.21,24,'MAS','FP2',1.8,182.3,235,250,556,561,269,215,44.73,48.79,0.02,0.17,0.02,-0.09,-1.266,-1205.2,-915,-210,-162,60,-197.38,255.41,55.2,52.8,60.45,52.65,5.3,1.66,1.68,1.68,1.64,1.9,2.02,1405.5,114.4,101,53.11,27.69,396.1,1034.59,209.69,186.41,547.1,487.57,0.9,1.2,1.04,1,52.37,1.59,250.57,114.1,1.76,2.23,0.62,-0.46,-0.46,0,0,0,0.48,0,245,225,-18.89,-6.44,-5.04,-48.98,0,1.77,1.32,8.89,15.7,503.3,2285,242,NULL,NULL,NULL,NULL,NULL,NULL,NULL,NULL,NULL,NULL,NULL),(40,'R01',40,'MAS','FP2',34326.6,5,13,76.15,24,'MAS','FP2',1.7,207.9,235,250,604,640,180,143,58.13,51.39,-0.21,0.04,-0.36,2.03,-1.36,-1218.8,-1042.8,-163.8,-106.4,48.5,-259.03,267.01,61.75,57.3,69.4,59.8,7.7,1.68,1.7,1.71,1.66,6.1,9.21,1609.5,333.6,145.8,69.58,31.11,582.26,1289.49,347.33,234.92,673.29,616.17,1,1.3,1.06,1.06,53.72,1.6,250.57,114.1,1.96,2.42,0.63,-0.47,-0.47,0,0,0,0.45,0,245,225,-25.17,-7.13,-5.12,-34.41,0,1.95,1.32,12.09,50.5,458.8,2364,195,NULL,NULL,NULL,NULL,NULL,NULL,NULL,NULL,NULL,NULL,NULL),(41,'R01',41,'MAS','FP2',34408.4,5,14,81.88,24,'MAS','FP2',7.2,208.8,250,250,585,614,136,108,48.57,27.77,0.09,-0.07,0.12,-0.2,-1.312,-1364.9,-1140.8,-140.7,-101.5,48.5,-258.66,280.28,63.65,61.05,73.15,61.95,9.5,1.71,1.73,1.74,1.69,2,1.65,1474.2,112.3,71.2,61.21,28.51,346.25,868.52,177.53,168.73,449.44,419.15,0.9,1.2,0.98,0.98,53.72,1.59,250.57,114.1,1.52,1.93,0.56,-0.41,-0.41,0,0,2.21,3.11,2.07,260,240,-24.06,-5.42,-4.73,-36.28,0,1.52,1.32,6.47,8.9,224.2,1830,123,NULL,NULL,NULL,NULL,NULL,NULL,NULL,NULL,NULL,NULL,NULL),(42,'R01',42,'MAS','FP2',34494.5,5,15,86.03,24,'MAS','FP2',4,206.7,200,250,595,605,111,95,39.86,23.49,0.09,0.3,0.06,0.14,-1.211,-1609.8,-1209.7,-140.2,-109,47.36,-183.48,285.32,62.85,61.05,70.4,61.15,7.5,1.73,1.74,1.74,1.69,1.56,1.31,1389.9,86.9,12.1,87.74,26.76,289.35,792.18,149.09,140.26,409.55,382.53,0.9,1.1,0.93,0.94,53.47,1.59,250.57,114.1,1.36,1.82,0.57,-0.43,-0.43,0,0,1.45,2.98,1.26,260,240,-17.71,-2.84,-5.29,-35,0,1.36,1.32,10.15,0,264.6,1866,152,NULL,NULL,NULL,NULL,NULL,NULL,NULL,NULL,NULL,NULL,NULL),(43,'R01',43,'MAS','FP2',34571.4,5,16,76.86,24,'MAS','FP2',2.2,200.7,200,250,607,607,95,88,52.42,35.57,0.11,0.19,0.1,-0.11,-1.35,-1335.5,-1062,-84.4,-73.6,48.17,-258.55,221.38,64.5,61.75,73.9,62.35,9.4,1.73,1.74,1.74,1.7,2.66,2.1,1247.5,251.8,168.7,59.88,29.66,458.41,1087.45,239.61,218.8,568.8,518.65,0.9,1.2,1.11,1.07,53.08,1.6,250.57,114.1,1.73,2.2,0.62,-0.46,-0.46,0,0,0,0.38,0,210,190,-21.48,-6.47,-4.92,-33.6,0,1.74,1.32,7.34,29.9,287.1,2186,169,NULL,NULL,NULL,NULL,NULL,NULL,NULL,NULL,NULL,NULL,NULL),(44,'R01',44,'MAS','FP2',34775.7,5,17,204.35,24,'MAS','FP2',60.2,137.7,200,250,434,437,75,68,42.82,23.96,0.13,0.04,0.12,0.21,NULL,-1570.3,-1076.9,-73,-38.7,45.06,-137.08,212.51,54.45,52.2,59.55,50.15,5.1,1.74,1.76,1.74,1.69,6.07,6.72,234.1,10.1,71.4,12.37,24.41,128.6,398.27,65.48,63.11,199.77,198.38,0.7,1,0.8,0.9,53.18,1.53,250.57,114.1,0.62,0.91,0.4,-0.27,-0.27,0,0,0,0,0,210,190,-12.35,1.17,1.7,-4.07,0,0.61,1.32,3.12,-3641.9,3948.4,1067,29,NULL,NULL,NULL,NULL,NULL,NULL,NULL,NULL,NULL,NULL,NULL),(45,'R01',45,'MAS','FP2',34813.1,5,18,37.38,24,'MAS','FP2',17.2,49.4,200,250,333,344,66,61,28.83,20.67,-0.81,NULL,NULL,-0.81,NULL,-57.4,-56,-6.5,-1.3,43.91,-49.34,78.73,52.9,50.6,58.85,49.45,6,1.71,1.73,1.7,1.66,5.82,5.89,NULL,2.6,10.5,18.55,NULL,NULL,NULL,NULL,NULL,NULL,NULL,NULL,NULL,NULL,NULL,NULL,1.5,250.57,114.1,-0.01,0.01,0.02,-0.01,-0.01,0,0,0,0,0,167.21,147.21,-6.68,6.62,-2.52,-3.51,0,-0.01,1.32,12.92,89.6,0,62,1,NULL,NULL,NULL,NULL,NULL,NULL,NULL,NULL,NULL,NULL,NULL),(46,'R01',46,'MAS','Q',41058.7,6,0,1850.19,24,'MAS','Q',157.3,154.9,200,250,117,126,107,93,45.06,59.19,0.81,0.17,1.06,-0.3,-1.234,-305.3,-224.9,-222.8,86,60,-200.44,212.04,27.15,26.85,35.7,28.65,8.6,1.43,1.44,1.43,1.44,1.34,2.24,1570.4,88,52.8,62.49,37.87,349.29,573.04,168.1,181.2,288.7,284.44,0.9,1.2,0.86,0.84,54.06,1.52,250.57,114.1,-5.32,2.01,0.25,-0.19,-0.19,0,0,0,0.39,0,210,190,-15.8,-4.09,-1.11,-16.22,0,1.73,1.32,4.32,0.5,2.6,2698,1288,NULL,NULL,NULL,NULL,NULL,NULL,NULL,NULL,NULL,NULL,NULL),(47,'R01',47,'MAS','Q',41147.3,6,1,88.59,24,'MAS','Q',2.5,181.2,250,250,472,486,273,188,40.55,19.57,0.56,0.59,0.57,0.47,-1.234,-936.4,-672.9,-215,-156.7,48.08,-181.15,271.43,38.05,38.45,46.2,39.4,7.8,1.53,1.53,1.53,1.52,1.95,1.63,261.9,68.8,60.3,53.31,34.35,360.11,688.32,187.61,172.51,367.55,320.88,0.9,1.1,1,1,52.55,1.58,250.57,114.1,1.34,1.76,0.51,-0.38,-0.38,0,0,0.5,22.12,0.46,260,240,-16.94,-6.15,-4.15,-38.51,0,1.34,1.32,5.3,6.5,182.9,1763,122,NULL,NULL,NULL,NULL,NULL,NULL,NULL,NULL,NULL,NULL,NULL),(48,'R01',48,'MAS','Q',41223.9,6,2,76.58,24,'MAS','Q',2.4,212.5,250,250,573,585,194,132,61.21,54.18,-0.18,0.26,-0.44,2.53,-1.362,-1127.1,-906,-143.9,-114.2,49,-263.41,279.55,47.95,46.75,59.25,50.5,11.3,1.59,1.59,1.58,1.57,3.64,3.43,129.7,290.7,207.9,58.3,28.46,483.11,1214.51,253.47,229.63,633.57,580.88,1,1.3,1.11,1.1,50.88,1.6,250.57,114.1,1.76,2.49,0.65,-0.48,-0.48,0,0,0.59,117.3,0.49,260,240,-29.05,-6.76,-4.94,-35.21,0,1.77,1.32,12.16,74.9,696.6,2502,221,NULL,NULL,NULL,NULL,NULL,NULL,NULL,NULL,NULL,NULL,NULL),(49,'R01',49,'MAS','Q',41321.4,6,3,97.49,24,'MAS','Q',26.3,145.5,200,250,488,486,146,95,20.78,9.39,0.2,NULL,0.21,0.04,NULL,-1225.6,-717.7,-180.3,-90.6,45.71,-115.04,253.9,51.55,49.7,61.35,51.8,9.8,1.66,1.65,1.65,1.62,0.86,0.97,NULL,0,1.1,0,36.27,161.3,283.57,80.56,80.74,143.34,140.08,NULL,NULL,0.85,0.9,53.26,1.56,250.57,114.1,0.55,0.75,0.27,-0.19,-0.19,0,0,0,0,0,260,240,-11.46,-0.45,-2.85,-39.54,0,0.54,1.32,2.84,0,0,733,30,NULL,NULL,NULL,NULL,NULL,NULL,NULL,NULL,NULL,NULL,NULL),(50,'R01',50,'MAS','Q',41881.8,6,4,560.36,24,'MAS','Q',86,48.3,200,250,231,242,86,63,29.09,19.9,-0.55,NULL,NULL,-0.55,NULL,-351,-376,-227.9,-31.6,43.89,-28.27,4.44,51.15,48.9,60.05,51.05,8.9,1.67,1.66,1.65,1.61,20.37,20.19,NULL,1.3,1.7,43.23,36.05,1.16,2.06,0.63,0.53,1.29,0.77,NULL,NULL,NULL,0.54,63.25,1.5,250.57,114.1,-0.01,0,0.02,-0.01,-0.01,0,0,0,0,0,129.28,109.28,-10.31,8.25,-1.64,-6.87,0,-0.01,1.32,0.77,47,0,51,5,NULL,NULL,NULL,NULL,NULL,NULL,NULL,NULL,NULL,NULL,NULL);
/*!40000 ALTER TABLE `stats` ENABLE KEYS */;
UNLOCK TABLES;

--
-- Table structure for table `team`
--

DROP TABLE IF EXISTS `team`;
/*!40101 SET @saved_cs_client     = @@character_set_client */;
/*!40101 SET character_set_client = utf8 */;
CREATE TABLE `team` (
  `Team_ID` int(11) DEFAULT NULL,
  `Name` longtext
) ENGINE=MyISAM DEFAULT CHARSET=latin1;
/*!40101 SET character_set_client = @saved_cs_client */;

--
-- Dumping data for table `team`
--

LOCK TABLES `team` WRITE;
/*!40000 ALTER TABLE `team` DISABLE KEYS */;
INSERT INTO `team` VALUES (1,'Audi Sport Abt Schaeffler Formula E Team'),(2,'DS TECHEETAH'),(3,'Mercedes-Benz EQ Formula E Team'),(4,'TAG Heuer Porsche Formula E Team'),(5,'VENTURI RACING'),(6,'Envision Virgin Racing'),(7,'Panasonic Jaguar Racing'),(8,'Nissan e.dams'),(9,'BMW i ANDRETTI MOTORSPORT'),(10,'NIO 333 FE Team'),(11,'GEOX DRAGON'),(12,'Mahindra Racing');
/*!40000 ALTER TABLE `team` ENABLE KEYS */;
UNLOCK TABLES;

--
-- Table structure for table `test`
--

DROP TABLE IF EXISTS `test`;
/*!40101 SET @saved_cs_client     = @@character_set_client */;
/*!40101 SET character_set_client = utf8 */;
CREATE TABLE `test` (
  `test_id` int(11) DEFAULT NULL,
  `test1` int(11) DEFAULT NULL,
  `test2` int(11) DEFAULT NULL,
  `nom_colonne` double DEFAULT NULL,
  `nofm_colonne` double DEFAULT NULL
) ENGINE=MyISAM DEFAULT CHARSET=latin1;
/*!40101 SET character_set_client = @saved_cs_client */;

--
-- Dumping data for table `test`
--

LOCK TABLES `test` WRITE;
/*!40000 ALTER TABLE `test` DISABLE KEYS */;
INSERT INTO `test` VALUES (1,1111,222,NULL,NULL),(2,1111,222,NULL,NULL),(3,1111,222,NULL,NULL),(4,1111,222,NULL,NULL),(5,1111,222,NULL,NULL),(6,1111,222,NULL,NULL);
/*!40000 ALTER TABLE `test` ENABLE KEYS */;
UNLOCK TABLES;

--
-- Table structure for table `track`
--

DROP TABLE IF EXISTS `track`;
/*!40101 SET @saved_cs_client     = @@character_set_client */;
/*!40101 SET character_set_client = utf8 */;
CREATE TABLE `track` (
  `Track_ID` int(11) DEFAULT NULL,
  `Name` longtext,
  `Length` int(11) DEFAULT NULL,
  `Country` longtext,
  `Tag` char(10) CHARACTER SET utf8 DEFAULT NULL
) ENGINE=MyISAM DEFAULT CHARSET=latin1;
/*!40101 SET character_set_client = @saved_cs_client */;

--
-- Dumping data for table `track`
--

LOCK TABLES `track` WRITE;
/*!40000 ALTER TABLE `track` DISABLE KEYS */;
INSERT INTO `track` VALUES (1,'Diriyah',2700,'Saudi','DRH'),(2,'Santiago',2700,'Chile','SCL'),(3,'Mexico',2400,'Mexico','MEX'),(4,'Marrakesh',2500,'Morocco','MRK'),(5,'Sanya',2000,'China','SYX'),(6,'Rome',2000,'Italy','RME'),(7,'Paris',2000,'France','PAR'),(8,'Seoul',2000,'Korea','SEO'),(9,'Jakarta',2000,'Indonesia','JAK'),(10,'Berlin',2000,'Germany','BER'),(11,'New York',2000,'USA','NYC'),(12,'London',2000,'England','LDN'),(13,'HongKong',2000,'HongKong','HKG'),(14,'Monaco',2000,'Monaco','MCO'),(15,'Bern',2000,'Switzerland','BRN');
/*!40000 ALTER TABLE `track` ENABLE KEYS */;
UNLOCK TABLES;
/*!40103 SET TIME_ZONE=@OLD_TIME_ZONE */;

/*!40101 SET SQL_MODE=@OLD_SQL_MODE */;
/*!40014 SET FOREIGN_KEY_CHECKS=@OLD_FOREIGN_KEY_CHECKS */;
/*!40014 SET UNIQUE_CHECKS=@OLD_UNIQUE_CHECKS */;
/*!40101 SET CHARACTER_SET_CLIENT=@OLD_CHARACTER_SET_CLIENT */;
/*!40101 SET CHARACTER_SET_RESULTS=@OLD_CHARACTER_SET_RESULTS */;
/*!40101 SET COLLATION_CONNECTION=@OLD_COLLATION_CONNECTION */;
/*!40111 SET SQL_NOTES=@OLD_SQL_NOTES */;

-- Dump completed on 2020-04-03 18:22:11
